second,phase,queue_top,queue_bottom,queue_left,queue_right,total_queue,arrivals_top,arrivals_bottom,arrivals_left,arrivals_right
0,horizontal_green,0,1,0,0,1,0,1,1,1
1,horizontal_green,0,1,0,1,2,0,0,0,2
2,horizontal_green,0,1,0,0,1,0,0,0,0
3,horizontal_green,0,1,0,1,2,0,0,0,2
4,horizontal_green,0,1,0,0,1,0,0,1,0
5,horizontal_green,0,1,0,0,1,0,0,0,1
6,horizontal_green,0,1,0,0,1,0,0,0,1
7,horizontal_green,0,1,1,0,2,0,0,2,1
8,horizontal_green,1,1,0,0,2,1,0,0,1
9,horizontal_green,1,1,0,0,2,0,0,0,1
10,horizontal_green,1,1,0,0,2,0,0,0,1
11,horizontal_green,1,1,0,0,2,0,0,1,1
12,horizontal_green,1,1,0,0,2,0,0,0,1
13,horizontal_green,1,1,0,0,2,0,0,1,1
14,horizontal_green,1,1,0,0,2,0,0,0,1
15,horizontal_green,1,1,0,0,2,0,0,1,0
16,horizontal_green,1,1,0,1,3,0,0,0,2
17,horizontal_green,1,1,0,0,2,0,0,0,0
18,horizontal_green,1,1,0,1,3,0,0,1,2
19,horizontal_green,1,1,0,1,3,0,0,0,1
20,horizontal_green,1,1,0,1,3,0,0,1,1
21,horizontal_green,1,1,0,1,3,0,0,1,1
22,horizontal_green,1,1,0,2,4,0,0,0,2
23,horizontal_green,1,1,1,1,4,0,0,2,0
24,horizontal_green,1,1,0,1,3,0,0,0,1
25,horizontal_green,1,1,0,1,3,0,0,0,1
26,horizontal_green,1,1,0,1,3,0,0,0,1
27,horizontal_green,1,2,0,1,4,0,1,1,1
28,horizontal_green,1,2,0,1,4,0,0,0,1
29,horizontal_green,1,2,0,0,3,0,0,0,0
30,horizontal_green,1,3,0,1,5,0,1,0,2
31,horizontal_green,1,3,0,1,5,0,0,0,1
32,horizontal_green,1,3,0,1,5,0,0,0,1
33,horizontal_green,1,3,0,0,4,0,0,1,0
34,horizontal_green,1,3,0,0,4,0,0,0,0
35,horizontal_green,1,3,0,2,6,0,0,0,3
36,horizontal_green,1,3,0,1,5,0,0,0,0
37,horizontal_green,1,3,0,1,5,0,0,0,1
38,horizontal_green,1,3,0,0,4,0,0,0,0
39,horizontal_green,1,3,0,0,4,0,0,0,0
40,horizontal_green,1,3,0,0,4,0,0,0,0
41,horizontal_green,1,3,0,0,4,0,0,0,1
42,horizontal_green,1,3,0,0,4,0,0,0,0
43,horizontal_green,1,3,0,0,4,0,0,0,0
44,horizontal_green,2,4,0,0,6,1,1,0,0
45,horizontal_green,4,6,0,0,10,2,2,0,0
46,horizontal_green,4,6,0,0,10,0,0,0,1
47,horizontal_green,7,8,0,0,15,3,2,0,0
48,horizontal_green,8,9,0,0,17,1,1,0,0
49,horizontal_green,8,10,0,0,18,0,1,0,0
50,horizontal_green,11,12,0,0,23,3,2,0,0
51,horizontal_green,12,12,0,0,24,1,0,0,0
52,horizontal_green,12,13,0,0,25,0,1,0,0
53,horizontal_green,16,14,0,0,30,4,1,0,0
54,horizontal_green,16,16,0,0,32,0,2,0,0
55,horizontal_green,20,16,0,0,36,4,0,0,0
56,horizontal_green,20,17,0,0,37,0,1,0,0
57,horizontal_yellow,20,18,0,1,39,0,1,0,1
58,horizontal_yellow,22,18,0,1,41,2,0,0,0
59,all_red_1,24,19,0,1,44,2,1,0,0
60,vertical_green,24,19,0,2,45,1,1,0,1
61,vertical_green,25,19,0,2,46,2,1,0,0
62,vertical_green,25,19,0,2,46,1,1,0,0
63,vertical_green,26,20,0,2,48,2,2,0,0
64,vertical_green,27,21,0,2,50,2,2,0,0
65,vertical_green,29,20,0,2,51,3,0,0,0
66,vertical_green,29,21,0,3,53,1,2,0,1
67,vertical_green,28,21,0,3,52,0,1,0,0
68,vertical_green,30,21,0,3,54,3,1,0,0
69,vertical_green,29,21,0,3,53,0,1,0,0
70,vertical_green,31,22,0,4,57,3,2,0,1
71,vertical_green,31,21,0,4,56,1,0,0,0
72,vertical_green,32,20,0,4,56,2,0,0,0
73,vertical_green,32,19,0,4,55,1,0,0,0
74,vertical_green,32,19,0,4,55,1,1,0,0
75,vertical_green,31,18,0,4,53,0,0,0,0
76,vertical_green,33,17,0,4,54,3,0,0,0
77,vertical_green,32,17,0,4,53,0,1,0,0
78,vertical_green,33,16,0,4,53,2,0,0,0
79,vertical_green,34,15,0,4,53,2,0,0,0
80,vertical_green,33,14,0,4,51,0,0,0,0
81,vertical_green,34,13,0,4,51,2,0,0,0
82,vertical_green,36,14,0,4,54,3,2,0,0
83,vertical_green,36,13,0,4,53,1,0,0,0
84,vertical_green,36,12,0,4,52,1,0,0,0
85,vertical_green,35,11,0,4,50,0,0,0,0
86,vertical_green,36,10,0,4,50,2,0,0,0
87,vertical_green,35,9,0,4,48,0,0,0,0
88,vertical_green,34,8,0,4,46,0,0,0,0
89,vertical_green,33,7,0,4,44,0,0,0,0
90,vertical_green,32,7,0,4,43,0,1,0,0
91,vertical_green,31,7,0,4,42,0,1,0,0
92,vertical_green,30,6,0,4,40,0,0,0,0
93,vertical_green,29,5,0,4,38,0,0,0,0
94,vertical_green,29,5,1,4,39,1,1,1,0
95,vertical_green,28,5,1,4,38,0,1,0,0
96,vertical_green,27,4,1,4,36,0,0,0,0
97,vertical_green,26,3,1,4,34,0,0,0,0
98,vertical_green,27,4,1,4,36,2,2,0,0
99,vertical_yellow,27,4,1,4,36,0,0,0,0
100,vertical_yellow,27,4,1,4,36,0,0,0,0
101,all_red_2,28,4,1,4,37,1,0,0,0
102,horizontal_green,28,6,0,3,37,0,2,0,0
103,horizontal_green,29,6,0,2,37,1,0,0,0
104,horizontal_green,29,7,0,1,37,0,1,0,0
105,horizontal_green,30,8,0,1,39,1,1,0,1
106,horizontal_green,30,8,0,0,38,0,0,0,0
107,horizontal_green,31,9,0,0,40,1,1,0,0
108,horizontal_green,31,9,0,0,40,0,0,0,0
109,horizontal_green,31,9,0,0,40,0,0,1,1
110,horizontal_green,33,10,0,0,43,2,1,0,0
111,horizontal_green,34,10,0,0,44,1,0,0,0
112,horizontal_green,36,10,0,0,46,2,0,0,0
113,horizontal_green,37,10,0,0,47,1,0,1,0
114,horizontal_green,37,11,0,0,48,0,1,0,0
115,horizontal_green,38,11,0,0,49,1,0,0,0
116,horizontal_green,38,11,0,0,49,0,0,1,0
117,horizontal_green,40,11,0,0,51,2,0,0,0
118,horizontal_green,40,11,0,0,51,0,0,1,0
119,horizontal_green,40,11,0,0,51,0,0,0,0
120,horizontal_green,41,11,0,0,52,1,0,1,0
121,horizontal_green,41,11,0,0,52,0,0,0,0
122,horizontal_green,41,11,0,0,52,0,0,0,0
123,horizontal_green,41,11,0,0,52,0,0,0,0
124,horizontal_green,41,11,0,0,52,0,0,0,0
125,horizontal_green,41,11,0,0,52,0,0,0,0
126,horizontal_green,41,11,0,0,52,0,0,0,1
127,horizontal_green,41,11,0,0,52,0,0,1,1
128,horizontal_green,41,11,1,1,54,0,0,2,2
129,horizontal_green,41,11,1,1,54,0,0,1,1
130,horizontal_green,41,11,3,1,56,0,0,3,1
131,horizontal_green,42,11,2,1,56,1,0,0,1
132,horizontal_green,42,11,2,0,55,0,0,1,0
133,horizontal_green,42,11,2,1,56,0,0,1,2
134,horizontal_green,42,11,2,0,55,0,0,1,0
135,horizontal_green,42,11,3,0,56,0,0,2,1
136,horizontal_green,42,11,3,0,56,0,0,1,1
137,horizontal_green,42,11,3,0,56,0,0,1,0
138,horizontal_green,42,12,3,1,58,0,1,1,2
139,horizontal_green,42,12,4,1,59,0,0,2,1
140,horizontal_green,42,12,3,1,58,0,0,0,1
141,horizontal_green,42,13,3,0,58,0,1,1,0
142,horizontal_green,42,13,4,0,59,0,0,2,0
143,horizontal_green,42,13,3,1,59,0,0,0,2
144,horizontal_green,42,13,5,0,60,0,0,3,0
145,horizontal_green,42,13,5,0,60,0,0,1,1
146,horizontal_green,42,13,6,0,61,0,0,2,0
147,horizontal_green,42,13,5,2,62,0,0,0,3
148,horizontal_green,42,13,7,1,63,0,0,3,0
149,horizontal_green,42,13,6,0,61,0,0,0,0
150,horizontal_green,42,13,7,0,62,0,0,2,0
151,horizontal_green,42,13,7,0,62,0,0,1,1
152,horizontal_green,42,13,9,0,64,0,0,3,0
153,horizontal_green,42,13,9,1,65,0,0,1,2
154,horizontal_green,42,13,9,0,64,0,0,1,0
155,horizontal_green,42,13,10,2,67,0,0,2,3
156,horizontal_green,42,13,10,1,66,0,0,1,0
157,horizontal_green,42,13,11,1,67,0,0,2,1
158,horizontal_green,42,14,11,0,67,0,1,1,0
159,horizontal_yellow,42,14,13,1,70,0,0,2,1
160,horizontal_yellow,42,14,13,2,71,0,0,0,1
161,all_red_1,42,14,16,3,75,0,0,3,1
162,vertical_green,41,13,17,4,75,0,0,1,1
163,vertical_green,40,12,18,6,76,0,0,1,2
164,vertical_green,39,11,19,7,76,0,0,1,1
165,vertical_green,38,10,21,8,77,0,0,2,1
166,vertical_green,37,9,22,9,77,0,0,1,1
167,vertical_green,36,8,24,9,77,0,0,2,0
168,vertical_green,35,7,24,10,76,0,0,0,1
169,vertical_green,34,6,25,12,77,0,0,1,2
170,vertical_green,33,5,26,12,76,0,0,1,0
171,vertical_green,32,4,26,15,77,0,0,0,3
172,vertical_green,31,3,26,15,75,0,0,0,0
173,vertical_green,30,2,26,17,75,0,0,0,2
174,vertical_green,29,1,26,18,74,0,0,0,1
175,vertical_green,28,0,26,20,74,0,0,0,2
176,vertical_green,27,0,26,21,74,0,0,0,1
177,vertical_green,26,0,26,22,74,0,0,0,1
178,vertical_green,25,0,26,23,74,0,0,0,1
179,vertical_green,24,0,26,24,74,0,0,0,1
180,vertical_green,23,0,26,26,75,0,0,0,2
181,vertical_green,22,0,26,26,74,0,0,0,0
182,vertical_green,21,0,26,28,75,0,0,0,2
183,vertical_green,20,0,26,28,74,0,0,0,0
184,vertical_green,19,0,26,31,76,0,0,0,3
185,vertical_green,18,0,26,31,75,0,0,0,0
186,vertical_green,17,0,26,33,76,0,0,0,2
187,vertical_green,16,0,26,34,76,0,0,0,1
188,vertical_green,15,0,26,35,76,0,0,0,1
189,vertical_green,14,0,27,38,79,0,0,1,3
190,vertical_green,13,0,27,40,80,0,0,0,2
191,vertical_green,12,0,27,42,81,0,0,0,2
192,vertical_green,11,0,27,45,83,0,0,0,3
193,vertical_green,10,0,27,47,84,0,0,0,2
194,vertical_green,9,0,27,49,85,0,0,0,2
195,vertical_green,8,0,28,49,85,0,0,1,0
196,vertical_green,7,0,28,50,85,0,0,0,1
197,vertical_green,6,0,28,51,85,0,0,0,1
198,vertical_green,5,0,28,52,85,0,0,0,1
199,vertical_green,4,0,28,53,85,0,0,0,1
200,vertical_green,3,0,29,53,85,0,0,1,0
201,vertical_yellow,3,0,29,55,87,0,0,0,2
202,vertical_yellow,3,0,30,55,88,0,0,1,0
203,all_red_2,3,0,30,56,89,0,0,0,1
204,horizontal_green,3,0,30,56,89,0,0,1,1
205,horizontal_green,3,0,29,56,88,0,0,0,1
206,horizontal_green,3,0,28,56,87,0,0,0,1
207,horizontal_green,3,0,28,55,86,0,0,1,0
208,horizontal_green,3,0,27,56,86,0,0,0,2
209,horizontal_green,3,0,28,55,86,0,0,2,0
210,horizontal_green,3,0,27,56,86,0,0,0,2
211,horizontal_green,3,0,27,55,85,0,0,1,0
212,horizontal_green,3,0,27,55,85,0,0,1,1
213,horizontal_green,3,0,26,55,84,0,0,0,1
214,horizontal_green,3,0,26,54,83,0,0,1,0
215,horizontal_green,3,0,25,54,82,0,0,0,1
216,horizontal_green,3,0,25,53,81,0,0,1,0
217,horizontal_green,3,0,24,53,80,0,0,0,1
218,horizontal_green,3,0,23,53,79,0,0,0,1
219,horizontal_green,3,0,23,52,78,0,0,1,0
220,horizontal_green,3,0,22,52,77,0,0,0,1
221,horizontal_green,3,0,22,51,76,0,0,1,0
222,horizontal_green,3,0,21,50,74,0,0,0,0
223,horizontal_green,3,0,20,50,73,0,0,0,1
224,horizontal_green,3,0,20,50,73,0,0,1,1
225,horizontal_green,3,0,19,50,72,0,0,0,1
226,horizontal_green,3,1,18,49,71,0,1,0,0
227,horizontal_green,3,1,17,49,70,0,0,0,1
228,horizontal_green,3,2,16,49,70,0,1,0,1
229,horizontal_green,3,2,15,49,69,0,0,0,1
230,horizontal_green,3,2,14,48,67,0,0,0,0
231,horizontal_green,3,2,13,47,65,0,0,0,0
232,horizontal_green,3,2,12,46,63,0,0,0,0
233,horizontal_green,3,2,11,45,61,0,0,0,0
234,horizontal_green,3,2,10,44,59,0,0,0,0
235,horizontal_green,3,3,9,43,58,0,1,0,0
236,horizontal_green,4,3,8,42,57,1,0,0,0
237,horizontal_green,6,6,7,41,60,2,3,0,0
238,horizontal_green,7,6,6,40,59,1,0,0,0
239,horizontal_green,9,8,5,39,61,2,2,0,0
240,horizontal_green,9,8,4,38,59,0,0,0,0
241,horizontal_green,11,10,3,37,61,2,2,0,0
242,horizontal_green,13,12,2,36,63,2,2,0,0
243,horizontal_green,14,13,1,35,63,1,1,0,0
244,horizontal_green,15,16,0,34,65,1,3,0,0
245,horizontal_green,16,16,0,33,65,1,0,0,0
246,horizontal_green,17,18,0,32,67,1,2,0,0
247,horizontal_green,18,19,0,31,68,1,1,0,0
248,horizontal_green,20,20,0,30,70,2,1,0,0
249,horizontal_green,21,21,0,29,71,1,1,0,0
250,horizontal_green,22,22,0,29,73,1,1,0,1
251,horizontal_green,23,22,0,28,73,1,0,0,0
252,horizontal_green,25,23,0,27,75,2,1,0,0
253,horizontal_green,25,24,0,26,75,0,1,0,0
254,horizontal_green,29,25,0,25,79,4,1,0,0
255,horizontal_green,29,26,0,24,79,0,1,0,0
256,horizontal_green,31,27,0,23,81,2,1,0,0
257,horizontal_green,32,27,0,22,81,1,0,0,0
258,horizontal_green,33,28,0,21,82,1,1,0,0
259,horizontal_green,35,28,0,21,84,2,0,0,1
260,horizontal_green,35,28,0,20,83,0,0,0,0
261,horizontal_yellow,36,30,0,20,86,1,2,0,0
262,horizontal_yellow,37,31,0,20,88,1,1,0,0
263,all_red_1,39,32,0,20,91,2,1,0,0
264,vertical_green,40,31,0,20,91,2,0,0,0
265,vertical_green,40,30,0,20,90,1,0,0,0
266,vertical_green,41,30,1,20,92,2,1,1,0
267,vertical_green,41,29,1,20,91,1,0,0,0
268,vertical_green,41,28,1,20,90,1,0,0,0
269,vertical_green,43,28,1,20,92,3,1,0,0
270,vertical_green,43,27,1,20,91,1,0,0,0
271,vertical_green,45,26,1,20,92,3,0,0,0
272,vertical_green,44,26,1,21,92,0,1,0,1
273,vertical_green,45,25,1,21,92,2,0,0,0
274,vertical_green,45,24,1,21,91,1,0,0,0
275,vertical_green,46,23,1,21,91,2,0,0,0
276,vertical_green,47,22,1,21,91,2,0,0,0
277,vertical_green,47,21,1,21,90,1,0,0,0
278,vertical_green,47,20,1,21,89,1,0,0,0
279,vertical_green,46,19,1,21,87,0,0,0,0
280,vertical_green,45,18,1,22,86,0,0,0,1
281,vertical_green,45,17,1,22,85,1,0,0,0
282,vertical_green,44,16,1,22,83,0,0,0,0
283,vertical_green,43,15,1,22,81,0,0,0,0
284,vertical_green,43,15,1,22,81,1,1,0,0
285,vertical_green,43,15,1,22,81,1,1,0,0
286,vertical_green,42,14,1,22,79,0,0,0,0
287,vertical_green,41,14,1,22,78,0,1,0,0
288,vertical_green,41,13,1,22,77,1,0,0,0
289,vertical_green,40,13,1,22,76,0,1,0,0
290,vertical_green,41,13,1,22,77,2,1,0,0
291,vertical_green,40,12,1,22,75,0,0,0,0
292,vertical_green,40,12,1,22,75,1,1,0,0
293,vertical_green,40,12,1,22,75,1,1,0,0
294,vertical_green,39,13,1,22,75,0,2,0,0
295,vertical_green,38,12,2,22,74,0,0,1,0
296,vertical_green,38,11,2,22,73,1,0,0,0
297,vertical_green,38,11,2,22,73,1,1,0,0
298,vertical_green,38,11,2,23,74,1,1,0,1
299,vertical_green,37,10,2,23,72,0,0,0,0
300,vertical_green,36,10,2,23,71,0,1,0,0
301,vertical_green,36,9,2,23,70,1,0,0,0
302,vertical_green,35,8,2,23,68,0,0,0,0
303,vertical_yellow,37,9,3,23,72,2,1,1,0
304,vertical_yellow,37,9,3,23,72,0,0,0,0
305,all_red_2,37,10,4,23,74,0,1,1,0
306,horizontal_green,37,11,3,22,73,0,1,0,0
307,horizontal_green,38,11,3,21,73,1,0,1,0
308,horizontal_green,38,11,2,20,71,0,0,0,0
309,horizontal_green,40,11,1,19,71,2,0,0,0
310,horizontal_green,41,11,1,18,71,1,0,1,0
311,horizontal_green,41,11,0,17,69,0,0,0,0
312,horizontal_green,42,11,0,16,69,1,0,0,0
313,horizontal_green,42,11,0,15,68,0,0,1,0
314,horizontal_green,42,11,0,14,67,0,0,0,0
315,horizontal_green,42,11,0,14,67,0,0,0,1
316,horizontal_green,42,11,0,13,66,0,0,0,0
317,horizontal_green,42,11,0,12,65,0,0,0,0
318,horizontal_green,42,11,1,14,68,0,0,2,3
319,horizontal_green,42,11,3,13,69,0,0,3,0
320,horizontal_green,42,11,2,15,70,0,0,0,3
321,horizontal_green,42,11,2,14,69,0,0,1,0
322,horizontal_green,42,11,4,13,70,0,0,3,0
323,horizontal_green,42,11,3,12,68,0,0,0,0
324,horizontal_green,42,11,5,13,71,0,0,3,2
325,horizontal_green,42,11,5,13,71,0,0,1,1
326,horizontal_green,42,11,6,13,72,0,0,2,1
327,horizontal_green,42,11,7,12,72,0,0,2,0
328,horizontal_green,42,11,7,13,73,0,0,1,2
329,horizontal_green,42,11,8,14,75,0,0,2,2
330,horizontal_green,42,11,7,13,73,0,0,0,0
331,horizontal_green,42,11,6,12,71,0,0,0,0
332,horizontal_green,42,11,7,14,74,0,0,2,3
333,horizontal_green,42,11,8,13,74,0,0,2,0
334,horizontal_green,42,11,8,14,75,0,0,1,2
335,horizontal_green,42,12,10,13,77,0,1,3,0
336,horizontal_green,42,12,11,13,78,0,0,2,1
337,horizontal_green,42,12,10,12,76,0,0,0,0
338,horizontal_green,42,12,12,12,78,0,0,3,1
339,horizontal_green,42,12,11,11,76,0,0,0,0
340,horizontal_green,42,12,13,12,79,0,0,3,2
341,horizontal_green,42,13,12,13,80,0,1,0,2
342,horizontal_green,42,13,13,12,80,0,0,2,0
343,horizontal_green,42,13,14,11,80,0,0,2,0
344,horizontal_green,42,13,15,13,83,0,0,2,3
345,horizontal_green,42,13,15,12,82,0,0,1,0
346,horizontal_green,42,13,15,12,82,0,0,1,1
347,horizontal_green,42,13,14,12,81,0,0,0,1
348,horizontal_green,42,13,14,12,81,0,0,1,1
349,horizontal_green,42,14,16,11,83,0,1,3,0
350,horizontal_green,42,14,17,12,85,0,0,2,2
351,horizontal_green,42,14,16,11,83,0,0,0,0
352,horizontal_green,42,14,16,12,84,0,0,1,2
353,horizontal_green,42,14,17,11,84,0,0,2,0
354,horizontal_green,42,14,17,10,83,0,0,1,0
355,horizontal_green,42,14,18,10,84,0,0,2,1
356,horizontal_green,42,14,18,9,83,0,0,1,0
357,horizontal_green,42,14,17,9,82,0,0,0,1
358,horizontal_green,42,14,16,8,80,0,0,0,0
359,horizontal_green,42,14,16,8,80,0,0,1,1
360,horizontal_green,42,14,15,7,78,0,0,0,0
361,horizontal_green,42,14,14,8,78,0,0,0,2
362,horizontal_green,42,15,14,7,78,0,1,1,0
363,horizontal_yellow,42,15,14,9,80,0,0,0,2
364,horizontal_yellow,42,15,14,9,80,0,0,0,0
365,all_red_1,42,15,14,10,81,0,0,0,1
366,vertical_green,41,14,14,11,80,0,0,0,1
367,vertical_green,40,13,14,12,79,0,0,0,1
368,vertical_green,39,12,14,12,77,0,0,0,0
369,vertical_green,38,11,14,13,76,0,0,0,1
370,vertical_green,37,10,14,14,75,0,0,0,1
371,vertical_green,36,9,14,14,73,0,0,0,0
372,vertical_green,35,8,14,15,72,0,0,0,1
373,vertical_green,34,7,14,15,70,0,0,0,0
374,vertical_green,33,6,14,16,69,0,0,0,1
375,vertical_green,32,5,14,17,68,0,0,0,1
376,vertical_green,31,4,14,19,68,0,0,0,2
377,vertical_green,31,3,14,22,70,1,0,0,3
378,vertical_green,30,2,14,22,68,0,0,0,0
379,vertical_green,29,1,14,24,68,0,0,0,2
380,vertical_green,28,0,14,25,67,0,0,0,1
381,vertical_green,27,0,14,26,67,0,0,0,1
382,vertical_green,26,0,14,28,68,0,0,0,2
383,vertical_green,25,0,14,29,68,0,0,0,1
384,vertical_green,24,0,14,30,68,0,0,0,1
385,vertical_green,23,0,15,30,68,0,0,1,0
386,vertical_green,22,0,15,32,69,0,0,0,2
387,vertical_green,21,0,15,32,68,0,0,0,0
388,vertical_green,20,0,15,32,67,0,0,0,0
389,vertical_green,19,0,15,33,67,0,0,0,1
390,vertical_green,18,0,15,34,67,0,0,0,1
391,vertical_green,17,0,16,36,69,0,0,1,2
392,vertical_green,16,0,16,36,68,0,0,0,0
393,vertical_green,15,0,17,38,70,0,1,1,2
394,vertical_green,14,0,17,38,69,0,0,0,0
395,vertical_green,13,0,18,40,71,0,0,1,2
396,vertical_green,12,0,18,40,70,0,0,0,0
397,vertical_green,11,0,19,42,72,0,0,1,2
398,vertical_green,10,0,20,43,73,0,0,1,1
399,vertical_green,9,0,20,44,73,0,0,0,1
400,vertical_green,8,0,20,45,73,0,0,0,1
401,vertical_green,7,0,20,45,72,0,0,0,0
402,vertical_green,6,0,20,47,73,0,0,0,2
403,vertical_green,5,0,20,48,73,0,0,0,1
404,vertical_green,4,0,20,49,73,0,0,0,1
405,vertical_yellow,4,0,20,50,74,0,0,0,1
406,vertical_yellow,4,0,20,52,76,0,0,0,2
407,all_red_2,4,0,21,53,78,0,0,1,1
408,horizontal_green,4,0,20,53,77,0,0,0,1
409,horizontal_green,4,0,19,53,76,0,0,0,1
410,horizontal_green,4,0,18,52,74,0,0,0,0
411,horizontal_green,4,0,17,53,74,0,0,0,2
412,horizontal_green,4,0,16,52,72,0,0,0,0
413,horizontal_green,4,0,15,54,73,0,0,0,3
414,horizontal_green,4,0,14,53,71,0,0,0,0
415,horizontal_green,4,0,13,54,71,0,0,0,2
416,horizontal_green,4,0,12,55,71,0,0,0,2
417,horizontal_green,4,0,11,54,69,0,0,0,0
418,horizontal_green,4,0,10,54,68,0,0,0,1
419,horizontal_green,4,0,9,54,67,0,0,0,1
420,horizontal_green,4,0,8,54,66,0,0,0,1
421,horizontal_green,4,0,8,55,67,0,0,1,2
422,horizontal_green,4,0,7,54,65,0,0,0,0
423,horizontal_green,4,1,6,53,64,0,1,0,0
424,horizontal_green,4,1,5,52,62,0,0,0,0
425,horizontal_green,4,1,4,51,60,0,0,0,0
426,horizontal_green,4,1,3,50,58,0,0,0,0
427,horizontal_green,4,1,2,49,56,0,0,0,0
428,horizontal_green,6,1,1,49,57,2,0,0,1
429,horizontal_green,7,3,0,48,58,1,2,0,0
430,horizontal_green,9,4,0,47,60,2,1,1,0
431,horizontal_green,9,6,0,46,61,0,2,0,0
432,horizontal_green,12,6,0,45,63,3,0,0,0
433,horizontal_green,13,9,0,44,66,1,3,0,0
434,horizontal_green,16,9,0,43,68,3,0,0,0
435,horizontal_green,16,10,0,42,68,0,1,0,0
436,horizontal_green,20,12,0,42,74,4,2,0,1
437,horizontal_green,20,13,0,41,74,0,1,0,0
438,horizontal_green,23,13,0,41,77,3,0,0,1
439,horizontal_green,24,14,0,40,78,1,1,0,0
440,horizontal_green,25,15,0,39,79,1,1,0,0
441,horizontal_green,28,16,0,38,82,3,1,0,0
442,horizontal_green,29,16,0,38,83,1,0,0,1
443,horizontal_green,29,16,0,37,82,0,0,0,0
444,horizontal_green,31,17,0,36,84,2,1,0,0
445,horizontal_green,31,18,0,35,84,0,1,0,0
446,horizontal_green,33,18,0,34,85,2,0,0,0
447,horizontal_green,34,19,0,33,86,1,1,0,0
448,horizontal_green,37,19,0,32,88,3,0,0,0
449,horizontal_green,38,19,0,31,88,1,0,0,0
450,horizontal_green,38,19,0,30,87,0,0,0,0
451,horizontal_green,41,19,0,29,89,3,0,0,0
452,horizontal_green,41,19,0,28,88,0,0,0,0
453,horizontal_green,44,19,0,27,90,3,0,0,0
454,horizontal_green,45,19,0,26,90,1,0,0,0
455,horizontal_green,48,19,0,26,93,3,0,0,1
456,horizontal_green,48,19,0,25,92,0,0,0,0
457,horizontal_green,48,20,0,24,92,0,1,0,0
458,horizontal_green,49,20,0,24,93,1,0,0,1
459,horizontal_green,50,20,0,23,93,1,0,0,0
460,horizontal_green,50,20,0,22,92,0,0,0,0
461,horizontal_green,52,20,0,22,94,2,0,0,1
462,horizontal_green,52,20,0,21,93,0,0,0,0
463,horizontal_green,53,20,0,20,93,1,0,0,0
464,horizontal_green,54,20,0,20,94,1,0,0,1
465,horizontal_yellow,55,21,0,20,96,1,1,0,0
466,horizontal_yellow,56,22,0,20,98,1,1,0,0
467,all_red_1,58,22,0,20,100,2,0,0,0
468,vertical_green,58,21,0,21,100,1,0,0,1
469,vertical_green,59,20,0,21,100,2,0,0,0
470,vertical_green,58,19,0,21,98,0,0,0,0
471,vertical_green,57,18,0,21,96,0,0,0,0
472,vertical_green,56,18,0,21,95,0,1,0,0
473,vertical_green,55,17,0,21,93,0,0,0,0
474,vertical_green,55,16,0,21,92,1,0,0,0
475,vertical_green,54,15,0,21,90,0,0,0,0
476,vertical_green,53,15,0,21,89,0,1,0,0
477,vertical_green,52,14,0,21,87,0,0,0,0
478,vertical_green,52,13,0,21,86,1,0,0,0
479,vertical_green,51,13,0,22,86,0,1,0,1
480,vertical_green,50,14,0,22,86,0,2,0,0
481,vertical_green,50,13,0,22,85,1,0,0,0
482,vertical_green,49,13,0,22,84,0,1,0,0
483,vertical_green,48,12,0,22,82,0,0,0,0
484,vertical_green,48,12,0,22,82,1,1,0,0
485,vertical_green,47,12,0,22,81,0,1,0,0
486,vertical_green,46,11,0,22,79,0,0,0,0
487,vertical_green,45,11,0,22,78,0,1,0,0
488,vertical_green,45,11,0,22,78,1,1,0,0
489,vertical_green,44,10,0,22,76,0,0,0,0
490,vertical_green,44,11,0,22,77,1,2,0,0
491,vertical_green,43,10,0,22,75,0,0,0,0
492,vertical_green,43,10,0,22,75,1,1,0,0
493,vertical_green,42,9,0,22,73,0,0,0,0
494,vertical_green,42,9,0,22,73,1,1,0,0
495,vertical_green,41,9,0,22,72,0,1,0,0
496,vertical_green,41,9,0,22,72,1,1,0,0
497,vertical_green,40,8,0,22,70,0,0,0,0
498,vertical_green,40,7,0,22,69,1,0,0,0
499,vertical_green,39,7,0,22,68,0,1,0,0
500,vertical_green,39,7,0,22,68,1,1,0,0
501,vertical_green,38,6,0,22,66,0,0,0,0
502,vertical_green,38,6,0,22,66,1,1,0,0
503,vertical_green,38,6,0,22,66,1,1,0,0
504,vertical_green,37,5,0,22,64,0,0,0,0
505,vertical_green,36,4,0,22,62,0,0,0,0
506,vertical_green,35,3,0,22,60,0,0,0,0
507,vertical_yellow,35,3,0,22,60,0,0,0,0
508,vertical_yellow,35,3,0,22,60,0,0,0,0
509,all_red_2,35,3,0,23,61,0,0,0,1
510,horizontal_green,35,3,0,24,62,0,0,1,2
511,horizontal_green,35,3,0,23,61,0,0,0,0
512,horizontal_green,35,3,0,24,62,0,0,0,2
513,horizontal_green,36,3,0,24,63,1,0,1,1
514,horizontal_green,36,3,1,24,64,0,0,2,1
515,horizontal_green,36,3,1,24,64,0,0,1,1
516,horizontal_green,36,3,0,24,63,0,0,0,1
517,horizontal_green,36,4,1,24,65,0,1,2,1
518,horizontal_green,36,4,0,24,64,0,0,0,1
519,horizontal_green,36,4,1,24,65,0,0,2,1
520,horizontal_green,36,4,0,24,64,0,0,0,1
521,horizontal_green,36,4,0,24,64,0,0,0,1
522,horizontal_green,36,4,0,25,65,0,0,0,2
523,horizontal_green,36,4,1,25,66,0,0,2,1
524,horizontal_green,36,4,0,24,64,0,0,0,0
525,horizontal_green,36,4,0,25,65,0,0,0,2
526,horizontal_green,36,4,0,24,64,0,0,1,0
527,horizontal_green,36,4,0,25,65,0,0,0,2
528,horizontal_green,36,4,1,24,65,0,0,2,0
529,horizontal_green,36,4,0,23,63,0,0,0,0
530,horizontal_green,36,4,0,24,64,0,0,0,2
531,horizontal_green,36,4,1,24,65,0,0,2,1
532,horizontal_green,36,4,0,23,63,0,0,0,0
533,horizontal_green,36,4,0,24,64,0,0,0,2
534,horizontal_green,36,4,0,24,64,0,0,0,1
535,horizontal_green,36,4,0,25,65,0,0,0,2
536,horizontal_green,36,4,0,25,65,0,0,0,1
537,horizontal_green,36,4,0,24,64,0,0,0,0
538,horizontal_green,36,4,0,23,63,0,0,1,0
539,horizontal_green,36,4,0,23,63,0,0,0,1
540,horizontal_green,36,4,1,23,64,0,0,2,1
541,horizontal_green,36,4,0,25,65,0,0,0,3
542,horizontal_green,36,4,0,24,64,0,0,0,0
543,horizontal_green,36,4,1,24,65,0,0,2,1
544,horizontal_green,36,4,0,25,65,0,0,0,2
545,horizontal_green,36,4,1,24,65,0,0,2,0
546,horizontal_green,36,4,1,24,65,0,0,1,1
547,horizontal_green,36,4,0,24,64,0,0,0,1
548,horizontal_green,36,4,0,25,65,0,0,1,2
549,horizontal_green,36,4,1,26,67,0,0,2,2
550,horizontal_green,36,4,0,26,66,0,0,0,1
551,horizontal_green,36,4,0,27,67,0,0,1,2
552,horizontal_green,36,4,0,26,66,0,0,0,0
553,horizontal_green,36,4,0,26,66,0,0,0,1
554,horizontal_green,36,4,0,28,68,0,0,0,3
555,horizontal_green,36,4,0,28,68,0,0,0,1
556,horizontal_green,36,4,0,28,68,0,0,1,1
557,horizontal_green,36,4,0,27,67,0,0,1,0
558,horizontal_green,36,4,0,27,67,0,0,0,1
559,horizontal_green,36,4,1,27,68,0,0,2,1
560,horizontal_green,36,4,1,27,68,0,0,1,1
561,horizontal_green,36,4,1,26,67,0,0,1,0
562,horizontal_green,36,4,0,27,67,0,0,0,2
563,horizontal_green,36,4,0,26,66,0,0,1,0
564,horizontal_green,36,4,0,27,67,0,0,0,2
565,horizontal_green,36,4,0,27,67,0,0,1,1
566,horizontal_green,36,4,0,27,67,0,0,0,1
567,horizontal_yellow,36,4,0,28,68,0,0,0,1
568,horizontal_yellow,36,4,0,29,69,0,0,0,1
569,all_red_1,36,4,0,32,72,0,0,0,3
570,vertical_green,35,3,0,33,71,0,0,0,1
571,vertical_green,34,2,0,34,70,0,0,0,1
572,vertical_green,33,1,0,35,69,0,0,0,1
573,vertical_green,32,0,0,36,68,0,0,0,1
574,vertical_green,31,0,0,38,69,0,0,0,2
575,vertical_green,30,0,0,38,68,0,0,0,0
576,vertical_green,29,0,0,39,68,0,0,0,1
577,vertical_green,28,0,0,41,69,0,0,0,2
578,vertical_green,27,0,0,43,70,0,0,0,2
579,vertical_green,26,0,0,44,70,0,0,0,1
580,vertical_green,25,0,0,45,70,0,0,0,1
581,vertical_green,24,0,0,45,69,0,0,0,0
582,vertical_green,23,0,1,46,70,0,0,1,1
583,vertical_green,22,0,1,46,69,0,0,0,0
584,vertical_green,21,0,1,46,68,0,0,0,0
585,vertical_green,20,0,1,46,67,0,0,0,0
586,vertical_green,19,0,1,48,68,0,0,0,2
587,vertical_green,18,0,1,48,67,0,0,0,0
588,vertical_green,17,0,1,48,66,0,0,0,0
589,vertical_green,16,0,1,50,67,0,0,0,2
590,vertical_green,15,0,1,50,66,0,0,0,0
591,vertical_green,14,0,1,52,67,0,0,0,2
592,vertical_green,13,0,1,52,66,0,0,0,0
593,vertical_green,12,0,1,54,67,0,0,0,2
594,vertical_green,11,0,1,54,66,0,0,0,0
595,vertical_green,10,0,1,56,67,0,0,0,2
596,vertical_green,9,0,1,57,67,0,0,0,1
597,vertical_green,8,0,1,58,67,0,0,0,1
598,vertical_green,7,0,1,58,66,0,0,0,0
599,vertical_green,6,0,2,58,66,0,0,1,0
600,vertical_green,5,0,2,58,65,0,0,0,0
601,vertical_green,4,0,3,58,65,0,0,1,0
602,vertical_green,3,0,3,58,64,0,0,0,0
603,vertical_green,2,0,3,58,63,0,0,0,0
604,vertical_green,1,0,3,58,62,0,0,0,0
605,vertical_green,0,0,3,58,61,0,0,0,0
606,vertical_green,0,0,3,58,61,0,0,0,0
607,vertical_green,0,0,3,58,61,0,0,0,0
608,vertical_green,0,0,3,58,61,0,0,0,0
609,vertical_yellow,0,0,3,58,61,0,0,0,0
610,vertical_yellow,0,0,3,58,61,0,0,0,0
611,all_red_2,0,0,3,58,61,0,0,0,0
612,horizontal_green,0,0,2,58,60,0,0,0,1
613,horizontal_green,0,0,1,57,58,0,0,0,0
614,horizontal_green,0,0,0,56,56,0,0,0,0
615,horizontal_green,0,0,0,55,55,0,0,0,0
616,horizontal_green,0,0,0,54,54,0,0,0,0
617,horizontal_green,0,0,0,53,53,0,0,0,0
618,horizontal_green,0,0,0,52,52,0,0,0,0
619,horizontal_green,0,0,0,51,51,0,0,0,0
620,horizontal_green,3,3,0,50,56,3,3,0,0
621,horizontal_green,3,3,0,49,55,0,0,0,0
622,horizontal_green,3,4,0,48,55,0,1,0,0
623,horizontal_green,5,5,0,47,57,2,1,0,0
624,horizontal_green,5,6,0,46,57,0,1,0,0
625,horizontal_green,7,7,0,45,59,2,1,0,0
626,horizontal_green,8,7,0,44,59,1,0,0,0
627,horizontal_green,9,9,0,43,61,1,2,0,0
628,horizontal_green,12,9,0,42,63,3,0,0,0
629,horizontal_green,13,12,0,42,67,1,3,0,1
630,horizontal_green,15,13,0,41,69,2,1,0,0
631,horizontal_green,17,13,0,40,70,2,0,0,0
632,horizontal_green,19,14,0,39,72,2,1,0,0
633,horizontal_green,19,18,0,38,75,0,4,0,0
634,horizontal_green,19,18,0,37,74,0,0,0,0
635,horizontal_green,19,18,0,36,73,0,0,0,0
636,horizontal_green,21,19,0,35,75,2,1,0,0
637,horizontal_green,21,19,0,34,74,0,0,0,0
638,horizontal_green,23,20,0,34,77,2,1,0,1
639,horizontal_green,23,20,0,33,76,0,0,0,0
640,horizontal_green,25,21,0,32,78,2,1,0,0
641,horizontal_green,27,21,0,31,79,2,0,0,0
642,horizontal_green,28,22,0,30,80,1,1,0,0
643,horizontal_green,28,22,0,29,79,0,0,0,0
644,horizontal_green,30,22,0,28,80,2,0,0,0
645,horizontal_green,31,22,0,27,80,1,0,0,0
646,horizontal_green,31,22,0,26,79,0,0,0,0
647,horizontal_green,32,23,0,25,80,1,1,0,0
648,horizontal_green,33,23,0,24,80,1,0,0,0
649,horizontal_green,35,23,0,23,81,2,0,0,0
650,horizontal_green,35,23,0,22,80,0,0,0,0
651,horizontal_green,36,24,0,22,82,1,1,0,1
652,horizontal_green,37,24,0,21,82,1,0,0,0
653,horizontal_green,37,24,0,20,81,0,0,0,0
654,horizontal_green,39,24,0,19,82,2,0,0,0
655,horizontal_green,39,24,0,19,82,0,0,0,1
656,horizontal_green,41,24,0,18,83,2,0,0,0
657,horizontal_green,41,24,0,17,82,0,0,0,0
658,horizontal_green,44,24,0,16,84,3,0,0,0
659,horizontal_green,45,24,0,15,84,1,0,0,0
660,horizontal_green,45,24,0,14,83,0,0,0,0
661,horizontal_green,47,25,0,13,85,2,1,0,0
662,horizontal_green,48,25,0,12,85,1,0,0,0
663,horizontal_green,48,25,0,11,84,0,0,0,0
664,horizontal_green,48,25,0,10,83,0,0,0,0
665,horizontal_green,48,25,0,9,82,0,0,0,0
666,horizontal_green,48,25,0,8,81,0,0,0,0
667,horizontal_green,48,25,0,7,80,0,0,0,0
668,horizontal_green,48,25,0,6,79,0,0,0,0
669,horizontal_yellow,48,25,0,6,79,0,0,0,0
670,horizontal_yellow,49,25,0,6,80,1,0,0,0
671,all_red_1,49,27,0,6,82,0,2,0,0
672,vertical_green,49,27,0,6,82,1,1,0,0
673,vertical_green,48,26,0,6,80,0,0,0,0
674,vertical_green,47,25,0,6,78,0,0,0,0
675,vertical_green,46,24,0,6,76,0,0,0,0
676,vertical_green,46,23,0,6,75,1,0,0,0
677,vertical_green,45,22,0,6,73,0,0,0,0
678,vertical_green,45,22,0,6,73,1,1,0,0
679,vertical_green,44,22,0,6,72,0,1,0,0
680,vertical_green,44,21,0,6,71,1,0,0,0
681,vertical_green,43,20,0,7,70,0,0,0,1
682,vertical_green,43,19,0,7,69,1,0,0,0
683,vertical_green,42,19,0,7,68,0,1,0,0
684,vertical_green,42,19,0,7,68,1,1,0,0
685,vertical_green,41,19,0,7,67,0,1,0,0
686,vertical_green,41,19,0,7,67,1,1,0,0
687,vertical_green,40,19,0,7,66,0,1,0,0
688,vertical_green,40,19,0,7,66,1,1,0,0
689,vertical_green,39,18,0,7,64,0,0,0,0
690,vertical_green,38,17,0,7,62,0,0,0,0
691,vertical_green,38,16,0,7,61,1,0,0,0
692,vertical_green,37,15,0,7,59,0,0,0,0
693,vertical_green,37,14,0,7,58,1,0,0,0
694,vertical_green,36,13,0,7,56,0,0,0,0
695,vertical_green,36,13,0,7,56,1,1,0,0
696,vertical_green,35,12,0,7,54,0,0,0,0
697,vertical_green,34,11,0,7,52,0,0,0,0
698,vertical_green,33,10,0,7,50,0,0,0,0
699,vertical_green,32,9,0,7,48,0,0,0,0
700,vertical_green,31,8,0,7,46,0,0,0,0
701,vertical_green,30,7,0,7,44,0,0,0,0
702,vertical_green,29,6,0,8,43,0,0,0,1
703,vertical_green,28,5,0,8,41,0,0,0,0
704,vertical_green,27,4,0,9,40,0,0,0,1
705,vertical_green,26,3,0,9,38,0,0,0,0
706,vertical_green,25,2,0,11,38,0,0,0,2
707,vertical_green,24,1,0,11,36,0,0,0,0
708,vertical_green,23,0,0,11,34,0,0,0,0
709,vertical_green,22,0,1,12,35,0,1,1,1
710,vertical_green,21,0,2,12,35,0,0,1,0
711,vertical_yellow,21,0,2,13,36,0,0,0,1
712,vertical_yellow,21,0,2,13,36,0,0,0,0
713,all_red_2,21,0,2,14,37,0,0,0,1
714,horizontal_green,21,0,1,14,36,0,0,0,1
715,horizontal_green,21,0,0,15,36,0,0,0,2
716,horizontal_green,21,0,0,14,35,0,0,1,0
717,horizontal_green,21,0,0,13,34,0,0,1,0
718,horizontal_green,21,0,0,14,35,0,0,0,2
719,horizontal_green,21,0,0,13,34,0,0,1,0
720,horizontal_green,21,0,0,14,35,0,0,1,2
721,horizontal_green,21,0,0,14,35,0,0,1,1
722,horizontal_green,21,0,0,14,35,0,0,1,1
723,horizontal_green,21,0,0,13,34,0,0,0,0
724,horizontal_green,21,0,0,13,34,0,0,0,1
725,horizontal_green,21,0,0,12,33,0,0,0,0
726,horizontal_green,21,0,0,12,33,0,0,0,1
727,horizontal_green,21,0,0,12,33,0,0,0,1
728,horizontal_green,21,0,0,11,32,0,0,0,0
729,horizontal_green,21,0,0,11,32,0,0,0,1
730,horizontal_green,21,0,1,10,32,0,0,2,0
731,horizontal_green,21,0,1,11,33,0,0,1,2
732,horizontal_green,21,0,0,10,31,0,0,0,0
733,horizontal_green,21,0,0,11,32,0,0,0,2
734,horizontal_green,21,0,0,11,32,0,0,0,1
735,horizontal_green,21,0,0,11,32,0,0,0,1
736,horizontal_green,21,0,0,12,33,0,0,1,2
737,horizontal_green,21,0,0,11,32,0,0,0,0
738,horizontal_green,21,1,0,11,33,0,1,0,1
739,horizontal_green,21,1,0,11,33,0,0,0,1
740,horizontal_green,21,1,0,10,32,0,0,0,0
741,horizontal_green,21,1,0,9,31,0,0,1,0
742,horizontal_green,21,1,0,10,32,0,0,1,2
743,horizontal_green,21,1,0,10,32,0,0,0,1
744,horizontal_green,21,1,0,9,31,0,0,0,0
745,horizontal_green,21,1,0,9,31,0,0,1,1
746,horizontal_green,21,1,0,8,30,0,0,1,0
747,horizontal_green,21,1,0,8,30,0,0,0,1
748,horizontal_green,21,1,0,9,31,0,0,0,2
749,horizontal_green,21,1,0,9,31,0,0,0,1
750,horizontal_green,21,1,0,8,30,0,0,0,0
751,horizontal_green,21,1,0,7,29,0,0,0,0
752,horizontal_green,21,1,0,7,29,0,0,1,1
753,horizontal_green,21,1,2,6,30,0,0,3,0
754,horizontal_green,21,1,1,6,29,0,0,0,1
755,horizontal_green,21,1,0,6,28,0,0,0,1
756,horizontal_green,21,1,0,5,27,0,0,0,0
757,horizontal_green,21,1,0,4,26,0,0,0,0
758,horizontal_green,21,1,0,4,26,0,0,0,1
759,horizontal_green,21,1,0,3,25,0,0,0,0
760,horizontal_green,21,1,0,3,25,0,0,0,1
761,horizontal_green,21,1,0,4,26,0,0,1,2
762,horizontal_green,21,1,0,3,25,0,0,0,0
763,horizontal_green,21,1,0,5,27,0,0,0,3
764,horizontal_green,21,2,0,4,27,0,1,0,0
765,horizontal_green,21,2,0,5,28,0,0,0,2
766,horizontal_green,21,2,0,5,28,0,0,0,1
767,horizontal_green,21,2,0,7,30,0,0,0,3
768,horizontal_green,21,2,0,8,31,0,0,0,2
769,horizontal_green,21,2,0,8,31,0,0,0,1
770,horizontal_green,21,2,0,8,31,0,0,0,1
771,horizontal_yellow,21,2,0,10,33,0,0,0,2
772,horizontal_yellow,21,2,0,10,33,0,0,0,0
773,all_red_1,21,2,0,11,34,0,0,0,1
774,vertical_green,20,1,0,11,32,0,0,0,0
775,vertical_green,19,0,1,14,34,0,0,1,3
776,vertical_green,18,0,1,14,33,0,0,0,0
777,vertical_green,17,0,1,16,34,0,0,0,2
778,vertical_green,16,0,3,16,35,0,0,2,0
779,vertical_green,15,0,3,18,36,0,0,0,2
780,vertical_green,14,0,3,18,35,0,0,0,0
781,vertical_green,13,0,4,20,37,0,0,1,2
782,vertical_green,12,0,4,20,36,0,0,0,0
783,vertical_green,11,0,4,21,36,0,0,0,1
784,vertical_green,10,0,5,22,37,0,0,1,1
785,vertical_green,9,0,5,22,36,0,0,0,0
786,vertical_green,8,0,6,22,36,0,0,1,0
787,vertical_green,7,0,6,23,36,0,0,0,1
788,vertical_green,6,0,6,25,37,0,0,0,2
789,vertical_green,5,0,6,25,36,0,1,0,0
790,vertical_green,4,0,7,25,36,0,0,1,0
791,vertical_green,3,0,7,26,36,0,0,0,1
792,vertical_green,2,0,7,26,35,0,0,0,0
793,vertical_green,1,0,7,26,34,0,0,0,0
794,vertical_green,0,0,8,27,35,0,0,1,1
795,vertical_green,0,0,8,28,36,0,0,0,1
796,vertical_green,0,0,8,30,38,0,0,0,2
797,vertical_green,0,0,8,31,39,0,0,0,1
798,vertical_green,0,0,8,31,39,1,0,0,0
799,vertical_green,0,0,8,31,39,0,0,0,0
800,vertical_green,0,0,8,31,39,0,0,0,0
801,vertical_green,0,0,8,32,40,0,0,0,1
802,vertical_green,0,0,8,33,41,0,0,0,1
803,vertical_green,0,0,8,33,41,0,0,0,0
804,vertical_green,0,0,8,33,41,0,0,0,0
805,vertical_green,0,0,8,34,42,0,0,0,1
806,vertical_green,0,0,8,35,43,0,0,0,1
807,vertical_green,0,0,8,35,43,0,0,0,0
808,vertical_green,0,0,8,35,43,0,0,0,0
809,vertical_green,0,0,8,35,43,0,0,0,0
810,vertical_green,0,0,8,35,43,0,1,0,0
811,vertical_green,0,0,8,35,43,0,1,0,0
812,vertical_green,0,0,8,35,43,0,0,0,0
813,vertical_yellow,2,1,8,35,46,2,1,0,0
814,vertical_yellow,3,1,8,35,47,1,0,0,0
815,all_red_2,4,1,8,35,48,1,0,0,0
816,horizontal_green,4,4,7,34,49,0,3,0,0
817,horizontal_green,9,4,6,33,52,5,0,0,0
818,horizontal_green,9,6,5,32,52,0,2,0,0
819,horizontal_green,12,6,4,31,53,3,0,0,0
820,horizontal_green,12,6,3,30,51,0,0,0,0
821,horizontal_green,15,6,2,29,52,3,0,0,0
822,horizontal_green,15,7,1,28,51,0,1,0,0
823,horizontal_green,16,9,0,27,52,1,2,0,0
824,horizontal_green,17,9,0,26,52,1,0,0,0
825,horizontal_green,19,9,0,25,53,2,0,0,0
826,horizontal_green,20,11,0,24,55,1,2,0,0
827,horizontal_green,22,12,0,23,57,2,1,0,0
828,horizontal_green,23,13,0,22,58,1,1,0,0
829,horizontal_green,24,14,0,21,59,1,1,0,0
830,horizontal_green,24,15,0,20,59,0,1,0,0
831,horizontal_green,24,15,0,19,58,0,0,0,0
