frame,second,track_id,class_id,class_name,confidence,direction,center_x,center_y
4,0,81,1,car,0.6950547099113464,bottom,1343.4406127929688,898.6094055175781
25,0,57,1,car,0.9072154760360718,right,1278.4860229492188,277.482421875
27,0,70,1,car,0.8271213173866272,left,651.0628356933594,877.2174987792969
44,1,51,1,car,0.8514719605445862,right,1279.3475952148438,558.8319702148438
45,1,48,1,car,0.8219165205955505,right,1279.57666015625,514.2881622314453
101,3,33,1,car,0.8793537020683289,right,1277.7088012695312,560.6738891601562
118,3,25,1,car,0.8525472283363342,right,1277.9432983398438,516.7384490966797
130,4,75,1,car,0.872437596321106,left,650.3292236328125,880.04833984375
172,5,11,1,car,0.844197154045105,right,1278.86328125,558.1995239257812
184,6,9,1,car,0.8590812683105469,right,1278.79052734375,514.2405548095703
215,7,73,1,car,0.9014664888381958,left,650.8208923339844,867.7171630859375
225,7,40,1,car,0.8867774605751038,left,650.2762756347656,581.7716064453125
226,7,10,1,car,0.8680435419082642,right,1279.9014282226562,558.9388732910156
242,8,114,1,car,0.8453568816184998,top,622.1867065429688,250.3008575439453
259,8,39,1,car,0.8575471043586731,right,1279.4141845703125,514.9424285888672
292,9,53,1,car,0.8185783624649048,right,1279.3798828125,565.7188415527344
307,10,54,1,car,0.8841590881347656,right,1279.2555541992188,512.8887634277344
350,11,65,1,car,0.8664180040359497,left,651.3433837890625,579.9857788085938
351,11,107,1,car,0.8620267510414124,right,1279.6467895507812,564.5221557617188
368,12,99,1,car,0.7956641912460327,right,1278.0663452148438,515.7759246826172
411,13,58,1,car,0.7438438534736633,left,650.1045532226562,577.7234497070312
411,13,118,1,car,0.878433883190155,right,1278.1618041992188,519.5273742675781
445,14,121,1,car,0.8771213889122009,right,1279.321044921875,562.1681213378906
479,15,20,1,car,0.8698992133140564,left,650.4333801269531,575.3811950683594
481,16,125,1,car,0.8264012932777405,right,1277.32080078125,511.25616455078125
509,16,139,1,car,0.7764137387275696,right,1279.4092407226562,558.3160095214844
545,18,152,1,car,0.9075393080711365,right,1279.7539672851562,274.81407165527344
550,18,36,1,car,0.8631643056869507,left,651.1422119140625,577.7377319335938
555,18,151,1,car,0.8853139281272888,right,1278.5407104492188,561.2431640625
574,19,154,1,car,0.7542694807052612,right,1278.948974609375,514.9075469970703
621,20,35,1,car,0.8683161735534668,left,650.2608947753906,579.8888854980469
624,20,163,1,car,0.8050526976585388,right,1278.5064086914062,557.8510131835938
635,21,162,1,car,0.8757084012031555,right,1278.0471801757812,281.7738952636719
637,21,129,1,car,0.9050759077072144,left,650.6001892089844,864.415283203125
679,22,176,1,car,0.8707321286201477,right,1279.9920654296875,562.4080810546875
687,22,175,1,car,0.8305690884590149,right,1277.8310546875,515.5743103027344
712,23,153,1,car,0.8473199605941772,left,651.7850341796875,874.5414733886719
714,23,149,1,car,0.8002645969390869,left,651.6116027832031,577.0436401367188
725,24,180,1,car,0.8710864782333374,right,1278.904296875,558.2552795410156
751,25,182,1,car,0.8624480366706848,right,1278.4190063476562,513.6331329345703
799,26,196,1,car,0.7557989358901978,right,1278.2469482421875,548.6685791015625
814,27,199,1,car,0.8358426690101624,right,1279.7181396484375,508.6842041015625
836,27,204,1,car,0.8763322234153748,left,650.5229797363281,577.2900390625
839,27,222,1,car,0.8953745365142822,bottom,1327.4212646484375,898.5084838867188
846,28,207,1,car,0.8894941806793213,right,1279.9380493164062,277.26793670654297
900,30,214,1,car,0.8148205876350403,right,1277.651123046875,556.3665771484375
902,30,215,1,car,0.7975190877914429,right,1277.616455078125,515.4702606201172
911,30,249,1,car,0.7791157960891724,bottom,1325.2103271484375,899.8443298339844
959,31,230,1,car,0.8002722263336182,right,1278.5728149414062,516.2148132324219
988,32,236,1,car,0.8453167080879211,right,1279.319580078125,552.244140625
991,33,223,1,car,0.8899940848350525,left,650.308837890625,576.8255004882812
1050,35,226,1,car,0.860485851764679,right,1278.9862060546875,265.86676025390625
1057,35,268,1,car,0.7781921029090881,right,1278.8926391601562,516.2636260986328
1065,35,257,1,car,0.8432763814926147,right,1277.7543334960938,554.9620361328125
1109,37,256,1,car,0.9022890329360962,right,1279.3060913085938,272.8831329345703
1238,41,281,1,car,0.8214324712753296,right,1279.8023681640625,271.87195587158203
1336,44,27,1,car,0.8419409394264221,top,910.241943359375,252.08216857910156
1346,44,44,0,bus,0.9182959794998169,bottom,1145.1904296875,899.8954162597656
1355,45,24,1,car,0.9198570847511292,bottom,1098.6227416992188,899.6571044921875
1359,45,52,1,car,0.8740442395210266,top,829.747314453125,250.3963394165039
1366,45,12,1,car,0.8753917813301086,top,871.3327331542969,250.0760726928711
1372,45,60,1,car,0.8932121396064758,bottom,1058.6290893554688,899.125244140625
1386,46,308,1,car,0.817862331867218,right,1279.0402221679688,280.64353942871094
1424,47,22,0,bus,0.9276024103164673,top,791.6002807617188,251.43324279785156
1425,47,59,0,bus,0.896213173866272,bottom,1099.4791870117188,899.3619079589844
1429,47,355,1,car,0.32743364572525024,bottom,1139.9749145507812,896.7388305664062
1431,47,68,1,car,0.9130688309669495,top,909.2910461425781,250.80924224853516
1438,47,8,1,car,0.7625206112861633,top,834.4290466308594,250.38890838623047
1451,48,16,1,car,0.8048321604728699,bottom,1056.61376953125,899.8119506835938
1462,48,31,1,car,0.9192482233047485,top,872.8526000976562,251.10417938232422
1496,49,375,1,car,0.8521144986152649,bottom,1098.2642822265625,898.0171508789062
1504,50,86,1,car,0.9327428340911865,top,908.1192626953125,251.65333557128906
1504,50,371,1,car,0.7956721782684326,bottom,1143.3004760742188,899.3422241210938
1513,50,83,0,bus,0.921433687210083,top,825.1838989257812,250.1791000366211
1516,50,363,1,car,0.744114339351654,bottom,1056.3657836914062,898.2132263183594
1528,50,13,1,car,0.9159302711486816,top,871.6230773925781,250.86341094970703
1557,51,17,1,car,0.754260778427124,top,788.1606750488281,250.34166717529297
1580,52,393,1,car,0.8410237431526184,bottom,1057.41748046875,897.8038330078125
1603,53,390,1,car,0.8975226283073425,top,907.6531372070312,252.4229736328125
1609,53,383,1,car,0.8959137797355652,top,865.932861328125,250.93958282470703
1610,53,389,1,car,0.814663827419281,top,792.1525573730469,252.14788055419922
1610,53,400,1,car,0.7690277099609375,top,830.9802551269531,252.49852752685547
1614,53,408,1,car,0.7820934653282166,bottom,1096.1980590820312,899.0610046386719
1637,54,405,0,bus,0.8848416805267334,bottom,1140.9572143554688,899.9773559570312
1638,54,416,1,car,0.8688374161720276,bottom,1057.5320434570312,898.193115234375
1655,55,410,1,car,0.7982417345046997,top,791.5751342773438,250.4200897216797
1671,55,423,1,car,0.8718633651733398,top,831.5425720214844,251.3966522216797
1677,55,414,1,car,0.8873568177223206,top,866.1814880371094,252.65945434570312
1677,55,422,1,car,0.7795243263244629,top,907.63330078125,251.48343658447266
1705,56,437,1,car,0.7932198643684387,bottom,1095.6552734375,898.1605529785156
1726,57,335,1,car,0.7710629105567932,right,1279.727294921875,274.3219680786133
1728,57,440,1,car,0.8953745365142822,bottom,1052.4306640625,898.1282653808594
1740,58,435,1,car,0.8593853116035461,top,865.6409606933594,252.40506744384766
1762,58,445,1,car,0.9197470545768738,top,905.4961547851562,250.10121154785156
1776,59,450,1,car,0.9049927592277527,bottom,1053.2648315429688,897.25048828125
1794,59,452,1,car,0.9025633335113525,top,870.5957946777344,252.38915252685547
1798,59,455,1,car,0.9113099575042725,top,829.9099426269531,250.85342407226562
1800,60,447,0,bus,0.9275999069213867,top,783.2098693847656,251.33218383789062
1806,60,340,1,car,0.8666203022003174,right,1278.4548950195312,280.6876220703125
1825,60,458,1,car,0.7768958806991577,bottom,1136.8121337890625,899.1820983886719
1832,61,467,1,car,0.8998264670372009,bottom,1096.4141845703125,899.2926940917969
1833,61,459,1,car,0.9080861806869507,top,908.4827575683594,250.2892837524414
1857,61,476,1,car,0.8908883929252625,top,827.8516235351562,252.86402893066406
1859,62,478,1,car,0.9039416909217834,bottom,1051.6725463867188,897.1533813476562
1867,62,474,1,car,0.8916091918945312,top,869.324951171875,253.27996063232422
1890,63,477,0,bus,0.873383641242981,top,783.3042907714844,250.03929901123047
1890,63,484,1,car,0.8621881008148193,bottom,1139.9996948242188,897.9193115234375
1905,63,483,1,car,0.9265860915184021,top,907.9115600585938,250.4220962524414
1905,63,493,1,car,0.917180597782135,bottom,1093.0369262695312,897.7147216796875
1921,64,496,1,car,0.9104834198951721,bottom,1053.0852661132812,897.5975341796875
1922,64,498,1,car,0.9077754020690918,top,832.8975219726562,250.13370513916016
1935,64,495,1,car,0.8882308006286621,top,869.2525939941406,251.54492950439453
1945,64,500,1,car,0.8218439221382141,bottom,1132.7168579101562,898.355224609375
1964,65,501,1,car,0.9035940170288086,top,907.6065368652344,250.9638671875
1969,65,505,1,car,0.8658639192581177,top,790.9354858398438,252.4527587890625
1971,65,507,1,car,0.9028447866439819,top,829.1623840332031,253.31863403320312
1981,66,513,1,car,0.9037371873855591,bottom,1051.701904296875,898.1132507324219
1987,66,514,1,car,0.8751021027565002,bottom,1094.8377075195312,899.563720703125
1989,66,504,1,car,0.918053150177002,top,870.5088195800781,251.7508544921875
1990,66,353,1,car,0.8649019598960876,right,1279.9627075195312,282.9345397949219
2010,67,512,0,bus,0.8764135241508484,bottom,1143.0260009765625,897.9673767089844
2043,68,62,1,car,0.8681639432907104,top,958.1379089355469,251.0596160888672
2047,68,517,1,car,0.9273629188537598,top,870.3910217285156,250.44195556640625
2057,68,521,1,car,0.8587307929992676,bottom,1082.551513671875,898.6244812011719
2061,68,518,1,car,0.921290934085846,top,908.9817199707031,250.05280303955078
2070,69,524,1,car,0.7564815878868103,bottom,1130.329345703125,898.8504638671875
2101,70,530,1,car,0.9282476305961609,top,828.0419311523438,251.10596466064453
2103,70,538,1,car,0.8805691599845886,bottom,1048.6179809570312,898.98291015625
2112,70,529,1,car,0.7649540305137634,top,912.777587890625,251.97262573242188
2118,70,526,1,car,0.9282249212265015,top,874.021240234375,252.32242584228516
2122,70,534,1,car,0.9114931225776672,bottom,1089.5667114257812,898.6490173339844
2126,70,391,1,car,0.8710840344429016,right,1278.5577392578125,277.87677001953125
2154,71,535,1,car,0.8813377618789673,top,867.8707275390625,251.5681381225586
2178,72,539,1,car,0.8916024565696716,top,910.9423522949219,250.3868637084961
2183,72,55,1,car,0.8685351014137268,top,955.5703735351562,251.32201385498047
2214,73,549,1,car,0.9228261709213257,top,871.8526916503906,251.9582290649414
2225,74,554,1,car,0.5606706142425537,bottom,1307.9730834960938,899.7966613769531
2229,74,553,1,car,0.8726353049278259,top,913.6382446289062,252.14346313476562
2285,76,577,1,car,0.9174587726593018,top,830.9834594726562,251.16073608398438
2287,76,575,1,car,0.8941649198532104,top,867.0813598632812,251.9172592163086
2294,76,579,1,car,0.8599652647972107,top,910.1832275390625,250.88674926757812
2312,77,600,1,car,0.9135522842407227,bottom,1056.5103149414062,897.3630676269531
2344,78,596,1,car,0.8405618667602539,top,916.8162231445312,250.56976318359375
2349,78,602,1,car,0.9185765981674194,top,833.7608642578125,252.93706512451172
2371,79,605,0,bus,0.8812252879142761,top,788.7177734375,253.0888442993164
2374,79,604,1,car,0.9358206987380981,top,875.0254211425781,252.5053482055664
2429,81,613,1,car,0.8488825559616089,top,916.1840515136719,252.5150146484375
2433,81,615,1,car,0.9283602237701416,top,875.4541320800781,252.16098022460938
2458,82,630,1,car,0.8798452019691467,top,835.2127075195312,251.50508880615234
2468,82,626,1,car,0.6935222148895264,bottom,1319.4462280273438,899.8979797363281
2473,82,639,1,car,0.9066063165664673,bottom,1092.63720703125,899.3562316894531
2475,82,627,1,car,0.8743464946746826,top,874.3935241699219,252.4205551147461
2476,82,629,1,car,0.4115482270717621,top,912.8180541992188,250.80543518066406
2513,83,638,1,car,0.9181353449821472,top,873.6127319335938,251.17957305908203
2536,84,649,1,car,0.7444025874137878,top,917.1383666992188,250.69718170166016
2582,86,659,1,car,0.911785900592804,top,872.6722412109375,250.61080169677734
2595,86,660,1,car,0.8351470828056335,top,915.8433532714844,252.78455352783203
2725,90,63,1,car,0.8823890686035156,bottom,968.1555480957031,899.8985595703125
2739,91,66,1,car,0.8943663239479065,bottom,1006.4108276367188,899.8492126464844
2828,94,673,1,car,0.8970675468444824,left,650.1329956054688,868.9573059082031
2834,94,85,0,bus,0.9211580753326416,top,957.7739868164062,250.83390045166016
2836,94,126,1,car,0.9164915680885315,bottom,1010.6347351074219,898.4036254882812
2858,95,135,1,car,0.8854880332946777,bottom,967.706298828125,899.5186767578125
2944,98,743,1,car,0.879915714263916,top,619.3033142089844,251.42981719970703
2946,98,736,1,car,0.8660517930984497,bottom,1010.4388122558594,898.5038452148438
2953,98,726,1,car,0.752434492111206,bottom,973.4840393066406,899.3898010253906
2965,98,585,1,car,0.8744317889213562,top,960.1483459472656,252.1132583618164
3036,101,632,1,car,0.845890462398529,top,961.2534484863281,251.96752166748047
3061,102,765,1,car,0.9029961228370667,bottom,1011.4660949707031,899.2996520996094
3077,102,755,1,car,0.8540554642677307,bottom,971.1299438476562,899.3957824707031
3104,103,792,1,car,0.8668847680091858,top,958.9199829101562,252.00389862060547
3138,104,838,1,car,0.595050036907196,bottom,1010.8436889648438,898.7602844238281
3150,105,845,1,car,0.8321724534034729,bottom,965.8019409179688,899.7202758789062
3153,105,829,1,car,0.5506630539894104,right,1279.4490356445312,290.5406494140625
3158,105,843,1,car,0.8201106786727905,top,964.5448913574219,251.46898651123047
3227,107,879,1,car,0.8795734643936157,bottom,966.8358459472656,899.1879272460938
3233,107,877,1,car,0.837264895439148,top,965.0518798828125,251.94891357421875
3270,109,729,1,car,0.7998140454292297,right,1279.855712890625,266.1347198486328
3274,109,828,1,car,0.777016818523407,left,651.3452453613281,877.4523315429688
3311,110,900,0,bus,0.8920438289642334,top,961.4840393066406,251.2606658935547
3313,110,956,1,car,0.3396455645561218,top,607.49560546875,250.38983917236328
3317,110,914,1,car,0.8491694331169128,bottom,968.9652709960938,899.248291015625
3346,111,959,1,car,0.6308684349060059,top,597.4289245605469,250.25397491455078
3367,112,927,1,car,0.7811252474784851,top,967.6873474121094,252.2721176147461
3379,112,938,1,car,0.8731015920639038,top,617.3993530273438,250.95352172851562
3411,113,875,1,car,0.862128734588623,left,650.6253051757812,871.4979858398438
3414,113,967,1,car,0.8526220321655273,top,957.7718811035156,250.88768768310547
3420,114,988,1,car,0.8809214234352112,bottom,1330.463134765625,899.6385192871094
3466,115,1007,1,car,0.8700740337371826,top,967.0790405273438,251.05548095703125
3486,116,919,1,car,0.8678025603294373,left,650.0234375,873.5805969238281
3526,117,1054,1,car,0.8489947319030762,top,621.8429870605469,251.58023071289062
3526,117,1080,1,car,0.8156309127807617,top,964.5248107910156,250.71275329589844
3549,118,960,1,car,0.8585487008094788,left,651.9226379394531,876.41162109375
3600,120,1123,1,car,0.8728645443916321,top,964.9448852539062,251.36700439453125
3603,120,1005,1,car,0.866737961769104,left,650.5231323242188,871.8374938964844
3779,126,104,1,car,0.8530675172805786,right,1279.1484375,446.18247985839844
3814,127,415,1,car,0.8691053986549377,right,1278.2079467773438,410.9804992675781
3815,127,28,1,car,0.7793871164321899,left,650.0703125,660.4830322265625
3843,128,2,1,car,0.8975644111633301,left,652.4021606445312,620.8538818359375
3844,128,3,1,car,0.8297074437141418,left,650.83154296875,700.4948425292969
3848,128,119,1,car,0.6670487523078918,right,1279.8097534179688,483.9734191894531
3864,128,140,1,car,0.9001197814941406,right,1279.4263305664062,448.83567810058594
3868,129,5,1,car,0.8320682644844055,left,652.0187377929688,659.1762084960938
3884,129,465,1,car,0.7785832285881042,right,1277.8672485351562,407.59442138671875
3911,130,4,1,car,0.7948206067085266,left,652.3201904296875,621.238037109375
3917,130,1,1,car,0.8884869813919067,left,650.3809509277344,659.4242248535156
3923,130,158,1,car,0.8610730171203613,right,1278.8892211914062,483.9460754394531
3926,130,18,1,car,0.8616962432861328,left,652.0104064941406,694.9228820800781
3938,131,1197,1,car,0.8792060017585754,top,595.5317687988281,251.11996459960938
3947,131,179,1,car,0.9015885591506958,right,1279.9620971679688,447.50807189941406
3957,132,6,1,car,0.8847193717956543,left,651.3763732910156,615.7768859863281
3989,133,174,1,car,0.8691901564598083,right,1279.96630859375,481.8274383544922
3999,133,251,1,car,0.5556278228759766,left,652.7860412597656,700.745849609375
4010,133,188,1,car,0.8148462176322937,right,1276.8081665039062,440.57781982421875
4036,134,84,1,car,0.7778325080871582,left,651.29833984375,660.8933715820312
4049,135,19,1,car,0.8930953741073608,left,650.5441589355469,617.0195617675781
4060,135,198,1,car,0.8473116159439087,right,1277.3477172851562,479.6391143798828
4061,135,436,1,car,0.6615123748779297,left,651.9039001464844,701.9663391113281
4089,136,208,1,car,0.79790860414505,right,1278.2428588867188,447.67710876464844
4093,136,79,1,car,0.7825278043746948,left,650.0049743652344,661.3479309082031
4121,137,520,1,car,0.8370494246482849,left,650.23193359375,695.1136779785156
4141,138,216,1,car,0.8679899573326111,right,1277.636962890625,480.5947265625
4143,138,43,1,car,0.7803710699081421,left,651.2796936035156,618.7440185546875
4145,138,1256,1,car,0.8251215219497681,bottom,1323.0031127929688,899.9793090820312
4150,138,330,1,car,0.7588664293289185,right,1278.5523071289062,442.1217803955078
4179,139,543,1,car,0.721693217754364,left,650.3045349121094,695.2038879394531
4192,139,225,1,car,0.8483001589775085,right,1278.1466674804688,481.3888244628906
4194,139,89,1,car,0.7712492346763611,left,652.4313659667969,655.240478515625
4212,140,345,1,car,0.861845076084137,right,1278.1550903320312,445.0076446533203
4231,141,100,1,car,0.8520860075950623,left,652.3445739746094,614.1410217285156
4252,141,1305,1,car,0.8613765835762024,bottom,1308.9856567382812,899.729248046875
4265,142,113,1,car,0.8156784176826477,left,651.9111633300781,656.3764343261719
4270,142,641,1,car,0.6547304391860962,left,651.9462585449219,696.1708679199219
4289,143,399,1,car,0.8659078478813171,right,1279.7447509765625,449.3841552734375
4302,143,1286,1,car,0.6480444669723511,right,1278.1388549804688,407.25152587890625
4322,144,127,1,car,0.8788663744926453,left,651.9200744628906,653.6920166015625
4323,144,134,1,car,0.8952925205230713,left,652.3018798828125,614.7293701171875
4334,144,778,1,car,0.8693358898162842,left,650.5086975097656,696.9975891113281
4366,145,1262,1,car,0.8269460201263428,left,652.6181640625,617.3937377929688
4375,145,1254,1,car,0.8349483013153076,right,1276.9287719726562,448.6989288330078
4384,146,1261,1,car,0.8549692630767822,left,651.2716064453125,656.9841613769531
4388,146,1264,1,car,0.8299189805984497,left,651.4922485351562,696.5684204101562
4408,147,261,1,car,0.8720988631248474,right,1278.6151733398438,485.7015686035156
4427,147,1304,1,car,0.8402919173240662,right,1277.5098266601562,447.2909851074219
4433,147,1340,1,car,0.7218654155731201,right,1279.71142578125,408.06781005859375
4439,148,1302,1,car,0.8117570281028748,left,650.5931091308594,660.7253112792969
4453,148,1307,1,car,0.9060661792755127,left,651.2856750488281,613.6219177246094
4462,148,1315,1,car,0.7602201104164124,left,653.2565002441406,696.3598022460938
4517,150,1345,1,car,0.7178849577903748,left,652.1988830566406,692.5313720703125
4520,150,1339,1,car,0.870368242263794,left,652.7218933105469,654.3567810058594
4531,151,1337,1,car,0.8947212100028992,left,652.5290222167969,613.6353454589844
4535,151,997,1,car,0.8652807474136353,right,1276.3024291992188,482.144287109375
4568,152,1357,1,car,0.8841149210929871,left,650.8253784179688,697.7535095214844
4570,152,1363,1,car,0.8483544588088989,left,650.3662719726562,653.8073425292969
4579,152,1366,1,car,0.7928014397621155,left,651.1050415039062,611.9433288574219
4599,153,1355,1,car,0.8918748497962952,right,1277.0963745117188,449.1324005126953
4604,153,1368,1,car,0.9120683073997498,right,1279.698974609375,285.3160858154297
4612,153,1370,1,car,0.7790434956550598,left,650.1015930175781,688.0885314941406
4636,154,1383,1,car,0.7731970548629761,left,651.0570678710938,612.6605834960938
4661,155,1399,1,car,0.798387348651886,left,650.5843505859375,653.5488586425781
4666,155,1402,1,car,0.7594338655471802,left,653.1262512207031,692.6033630371094
4668,155,1381,1,car,0.8658342957496643,right,1276.4149780273438,448.9180603027344
4668,155,1393,1,car,0.872266411781311,right,1279.2838745117188,281.5480651855469
4669,155,1376,1,car,0.7544927000999451,right,1278.9739379882812,485.8619842529297
4689,156,1408,1,car,0.8775843977928162,left,652.3510437011719,615.66259765625
4712,157,1414,1,car,0.7854616045951843,left,650.2126159667969,653.3349609375
4716,157,1423,1,car,0.8271312713623047,left,652.3334350585938,695.3645629882812
4724,157,1412,1,car,0.9067630171775818,right,1277.47021484375,449.1195831298828
4753,158,1437,1,car,0.8450334072113037,left,653.1566772460938,611.2857360839844
4753,158,1489,1,car,0.8322532773017883,bottom,1295.7529296875,899.7882080078125
4772,159,1444,1,car,0.8459500074386597,left,650.9047241210938,693.942138671875
4778,159,1442,1,car,0.8479170799255371,left,652.090087890625,655.0911560058594
4788,159,1445,1,car,0.8454523086547852,right,1275.479248046875,450.65476989746094
4817,160,1440,1,car,0.8744339346885681,right,1278.2800903320312,491.3227844238281
4827,161,1462,1,car,0.6855856776237488,left,652.4733276367188,693.286865234375
4828,161,1460,1,car,0.8241930603981018,left,652.99267578125,610.9889831542969
4834,161,1467,1,car,0.8067419528961182,right,1277.283203125,451.3021697998047
4845,161,1461,1,car,0.8333299160003662,left,651.0093383789062,654.4723815917969
4880,162,1475,1,car,0.8984313607215881,right,1277.9920043945312,488.0000305175781
4885,162,1484,1,car,0.8199800848960876,left,650.1364135742188,613.5973815917969
4891,163,1490,1,car,0.8465303778648376,left,650.5924682617188,656.5850524902344
4908,163,1479,1,car,0.8403780460357666,right,1278.378173828125,282.13868713378906
4910,163,1508,1,car,0.7422781586647034,right,1276.9703369140625,453.61279296875
4935,164,1525,1,car,0.3704506754875183,left,652.7886047363281,696.9929504394531
4940,164,1497,1,car,0.9167082905769348,right,1279.39453125,484.5928955078125
4951,165,1529,1,car,0.7822754979133606,right,1278.2897338867188,452.0046081542969
4957,165,1516,1,car,0.7986604571342468,left,650.586669921875,612.1184997558594
4972,165,1546,1,car,0.765107274055481,left,650.1326904296875,654.5465393066406
4998,166,1544,1,car,0.8386170268058777,right,1279.9688720703125,487.95481872558594
5004,166,1565,1,car,0.5720647573471069,left,651.6662902832031,690.4342041015625
5026,167,1561,1,car,0.8276386260986328,left,652.9384765625,612.8727111816406
5026,167,1563,1,car,0.8312016725540161,left,652.2277221679688,655.5584716796875
5064,168,1567,1,car,0.909710705280304,right,1279.1483764648438,484.16062927246094
5067,169,1553,1,car,0.8487713932991028,right,1278.4429931640625,272.6037826538086
5070,169,1595,1,car,0.864814043045044,right,1278.4868774414062,448.7220001220703
5083,169,1585,1,car,0.7270184755325317,left,651.6028442382812,655.4704895019531
5114,170,1616,1,car,0.8239774703979492,left,652.9067993164062,613.8512573242188
5125,171,1686,1,car,0.8013967871665955,right,1277.3150024414062,446.8400421142578
5141,171,1590,1,car,0.7125744819641113,right,1277.0830688476562,491.2674102783203
5142,171,1633,1,car,0.6269752383232117,right,1279.7021484375,447.3605651855469
5185,173,1604,1,car,0.8939356207847595,right,1277.9169311523438,488.61061096191406
5191,173,1574,1,car,0.9076200127601624,right,1278.9004516601562,280.14183807373047
5242,174,1638,1,car,0.9219909906387329,right,1276.8610229492188,482.7371826171875
5245,175,1672,1,car,0.4458329975605011,right,1275.9194946289062,411.216552734375
5258,175,1684,1,car,0.7722808718681335,right,1278.611572265625,273.3012466430664
5291,176,1718,1,car,0.8658803105354309,right,1277.6708984375,448.25738525390625
5315,177,1685,1,car,0.8901645541191101,right,1279.0595703125,485.57659912109375
5357,178,1758,1,car,0.8847916722297668,right,1277.7649536132812,449.0148010253906
5369,179,1754,1,car,0.8521566390991211,right,1279.5960083007812,490.2771301269531
5407,180,1825,1,car,0.5248399376869202,right,1279.6670532226562,292.8402404785156
5414,180,1782,1,car,0.8637785911560059,right,1279.8295288085938,448.23963928222656
5472,182,1803,1,car,0.8892696499824524,right,1278.5528564453125,450.7434844970703
5483,182,1800,1,car,0.8253690600395203,right,1278.6087036132812,411.79115295410156
5517,184,1821,1,car,0.919184148311615,right,1277.2786254882812,454.1608123779297
5525,184,1818,1,car,0.6224725246429443,right,1277.7907104492188,409.0651092529297
5540,184,297,1,car,0.8831614255905151,right,1278.6746826171875,561.8817443847656
5577,186,1852,1,car,0.9199943542480469,right,1274.9569091796875,452.1350860595703
5596,186,311,1,car,0.8571555018424988,right,1279.872314453125,522.8580627441406
5607,187,1838,1,car,0.8587111830711365,right,1279.4974975585938,477.1703643798828
5650,188,1891,1,car,0.86403489112854,right,1276.6129150390625,446.01466369628906
5669,189,1879,1,car,0.7650003433227539,right,1278.0576782226562,483.96728515625
5671,189,336,1,car,0.8712047934532166,right,1279.298583984375,558.7771606445312
5689,189,1885,1,car,0.7776429057121277,left,650.5481567382812,875.9768371582031
5690,189,1840,1,car,0.6661600470542908,right,1278.4562377929688,257.7652816772461
5700,190,342,1,car,0.8345059156417847,right,1278.9434814453125,523.9225463867188
5702,190,1894,1,car,0.8178771138191223,right,1278.4866943359375,484.04115295410156
5728,191,1906,1,car,0.8661036491394043,right,1277.1574096679688,446.8465270996094
5741,191,347,1,car,0.8203672766685486,right,1278.2570190429688,565.3568725585938
5757,192,349,1,car,0.8228990435600281,right,1279.3817138671875,522.4141387939453
5759,192,1887,1,car,0.7622111439704895,right,1277.1327514648438,256.5642318725586
5760,192,1903,1,car,0.8273745775222778,right,1276.5993041992188,479.5926818847656
5798,193,1917,1,car,0.9141863584518433,right,1278.3696899414062,446.36065673828125
5807,193,1915,1,car,0.7931090593338013,right,1276.259765625,485.85643005371094
5822,194,409,1,car,0.8992239236831665,right,1278.9837646484375,526.201904296875
5835,194,367,1,car,0.8776192665100098,right,1279.9415283203125,569.9342956542969
5850,195,1919,1,car,0.9251922369003296,left,651.0189514160156,865.4287719726562
5891,196,441,1,car,0.8378747701644897,right,1278.5535278320312,531.521728515625
5912,197,402,1,car,0.8252296447753906,right,1278.093505859375,569.8417053222656
5949,198,918,1,car,0.8200769424438477,right,1277.7417602539062,525.0652160644531
5987,199,434,1,car,0.7817491292953491,right,1278.8540649414062,582.0518493652344
6002,200,421,1,car,0.8248196244239807,left,651.744140625,560.1684265136719
6033,201,1092,1,car,0.8280250430107117,right,1278.47607421875,525.1066741943359
6044,201,473,1,car,0.8052564859390259,right,1279.692626953125,579.3104553222656
6081,202,502,1,car,0.8771042823791504,left,650.0824890136719,560.797607421875
6101,203,1921,1,car,0.877493679523468,right,1279.4235229492188,526.29248046875
6127,204,1810,1,car,0.8103129267692566,right,1279.880859375,572.9269104003906
6138,204,612,1,car,0.7755919098854065,left,651.2056884765625,545.8203735351562
6151,205,1949,1,car,0.698308527469635,right,1278.6885375976562,524.2054443359375
6202,206,1990,1,car,0.8143214583396912,right,1277.7798461914062,524.1941833496094
6209,207,697,1,car,0.8100965619087219,left,651.0331420898438,558.3204650878906
6242,208,2017,1,car,0.8703937530517578,right,1279.593994140625,523.7612457275391
6246,208,1993,1,car,0.8611323237419128,right,1279.00927734375,567.9134826660156
6269,209,2056,1,car,0.796018660068512,left,652.0801086425781,859.9911804199219
6282,209,728,1,car,0.7591853141784668,left,650.28564453125,555.0308837890625
6302,210,2055,1,car,0.8828753232955933,right,1277.9548950195312,523.2545471191406
6311,210,2024,1,car,0.7590395212173462,right,1279.43310546875,567.6715393066406
6346,211,2061,1,car,0.8947128653526306,left,651.0261535644531,858.3289184570312
6357,212,1723,1,car,0.8428471088409424,left,650.0801391601562,561.6815490722656
6376,212,2068,1,car,0.7433139681816101,right,1279.8864135742188,572.3538208007812
6389,213,2080,1,car,0.8350037336349487,right,1279.9744262695312,532.1359558105469
6417,214,1778,1,car,0.7843753695487976,left,650.3330993652344,556.9736328125
6446,215,2102,1,car,0.8912420272827148,right,1277.771484375,569.2342224121094
6477,216,2118,1,car,0.8478125333786011,left,651.30419921875,560.556884765625
6522,217,2137,1,car,0.8994248509407043,right,1279.2745361328125,566.7831726074219
6555,218,2164,1,car,0.8628688454627991,right,1278.7586669921875,530.7679748535156
6576,219,2100,1,car,0.6148859858512878,left,652.3588562011719,883.7382507324219
6601,220,2166,1,car,0.8287326097488403,right,1277.3157958984375,274.81668853759766
6644,221,2157,1,car,0.8773144483566284,left,650.2784118652344,871.9184265136719
6704,223,2178,1,car,0.8056209087371826,right,1279.4393920898438,566.1360168457031
6726,224,2165,1,car,0.8816429376602173,left,650.4678344726562,872.1318969726562
6733,224,2236,1,car,0.8470126986503601,right,1277.8603515625,528.3776550292969
6759,225,2206,1,car,0.8787983059883118,right,1278.1198120117188,570.0127563476562
6781,226,2263,1,car,0.8549175262451172,bottom,1315.9944458007812,898.6929931640625
6807,227,2241,1,car,0.8919473886489868,right,1278.49169921875,558.9350280761719
6838,228,2258,1,car,0.766754150390625,right,1276.5690307617188,528.24462890625
6851,228,2287,1,car,0.8347001671791077,bottom,1312.8955688476562,898.9547424316406
6890,229,2269,1,car,0.8665693402290344,right,1279.0933227539062,534.0546264648438
7048,235,2325,1,car,0.6668900847434998,bottom,1335.6073608398438,899.0740661621094
7095,236,818,1,car,0.9119872450828552,top,803.5193481445312,250.4257049560547
7107,237,1572,1,car,0.8521445393562317,bottom,1044.1268920898438,899.6932678222656
7111,237,666,1,car,0.8613154888153076,top,844.1656799316406,250.86221313476562
7116,237,1524,1,car,0.7927542328834534,bottom,1126.9828491210938,899.9450073242188
7120,237,665,1,car,0.9266209006309509,top,884.0547180175781,251.7363510131836
7122,237,841,1,car,0.8201016187667847,bottom,1084.1740112304688,898.3144226074219
7162,238,676,1,car,0.893259584903717,top,918.7673950195312,250.34870147705078
7178,239,1300,1,car,0.8872488737106323,top,802.7487487792969,252.9929428100586
7184,239,1710,1,car,0.9034873247146606,bottom,1084.2958374023438,899.6351928710938
7188,239,704,1,car,0.7689542174339294,top,881.5690002441406,251.4600372314453
7191,239,1757,1,car,0.8617366552352905,bottom,1127.3026733398438,899.524169921875
7228,241,713,1,car,0.9030030965805054,top,845.5791320800781,250.47632598876953
7230,241,2378,1,car,0.843285858631134,bottom,1297.2962646484375,899.2564086914062
7238,241,1333,1,car,0.8892561197280884,top,806.1526794433594,251.16322326660156
7250,241,2320,1,car,0.7865913510322571,bottom,1124.9134521484375,899.8892517089844
7257,242,2381,1,car,0.8624575734138489,bottom,1085.1647338867188,898.7967529296875
7260,242,719,1,car,0.8945353627204895,top,921.5261840820312,250.3750762939453
7263,242,1717,1,car,0.8249157071113586,bottom,1045.64208984375,899.2419128417969
7279,242,896,1,car,0.8857982754707336,top,843.5108642578125,252.09678649902344
7296,243,2391,1,car,0.8982477188110352,bottom,1300.8776245117188,899.9630126953125
7307,243,731,1,car,0.9236936569213867,top,877.4065551757812,251.9342269897461
7320,244,2398,1,car,0.8276383280754089,bottom,1128.2498168945312,899.0945129394531
7323,244,2402,1,car,0.8834392428398132,bottom,1083.80517578125,897.7376403808594
7336,244,2397,1,car,0.7715319991111755,bottom,1044.7862548828125,899.8536987304688
7338,244,756,1,car,0.9199127554893494,top,919.013671875,250.1719970703125
7370,245,2401,1,car,0.8902094960212708,top,838.4838256835938,252.24798583984375
7374,246,2414,1,car,0.7853714227676392,top,876.8998107910156,252.12557220458984
7390,246,2437,1,car,0.8267639875411987,bottom,1123.6400146484375,899.398681640625
7391,246,2446,1,car,0.9027283787727356,bottom,1083.3139038085938,898.27587890625
7403,247,2442,1,car,0.7256847023963928,bottom,1044.3997802734375,898.4298706054688
7429,247,2445,1,car,0.9104388952255249,top,876.4886779785156,250.51776885986328
7442,248,2405,1,car,0.8501628637313843,top,919.5830993652344,251.9457778930664
7443,248,2447,1,car,0.9155957102775574,top,836.1715393066406,250.8317642211914
7458,248,2470,1,car,0.8464620113372803,bottom,1043.1246337890625,899.8570556640625
7467,249,2486,1,car,0.8887991309165955,bottom,1083.4314575195312,896.5592041015625
7483,249,2473,1,car,0.9018433094024658,top,879.7617797851562,252.83641052246094
7494,250,2448,1,car,0.9245032668113708,top,916.4676818847656,251.73587036132812
7507,250,2501,1,car,0.8138583898544312,bottom,1046.5986938476562,899.0769348144531
7518,250,2416,1,car,0.7274117469787598,right,1279.1998291015625,267.1127471923828
7549,251,2480,1,car,0.8813343048095703,top,921.660888671875,250.60584259033203
7558,252,2492,0,bus,0.903984785079956,top,827.6941223144531,250.7753143310547
7562,252,2528,1,car,0.8735913038253784,bottom,1043.2701416015625,898.6495056152344
7577,252,2526,1,car,0.9294796586036682,top,873.0853576660156,251.8712387084961
7592,253,2546,1,car,0.8418542742729187,bottom,1087.656494140625,898.4490051269531
7620,254,2556,1,car,0.7769086956977844,bottom,1044.934326171875,898.2167053222656
7622,254,2521,1,car,0.925128698348999,top,919.2502136230469,250.03844451904297
7626,254,2535,1,car,0.8017709851264954,top,617.1430053710938,251.28941345214844
7634,254,2549,1,car,0.946086049079895,top,872.1378479003906,251.37611389160156
7637,254,2554,1,car,0.9075437188148499,top,828.3766479492188,251.0521469116211
7669,255,2565,1,car,0.8775915503501892,bottom,1083.71630859375,897.4497680664062
7673,256,2573,1,car,0.8395478129386902,bottom,1046.51953125,899.3432006835938
7687,256,2550,1,car,0.8762474060058594,top,912.7648620605469,251.32144927978516
7691,256,2570,1,car,0.8913785219192505,top,871.1207885742188,250.3549041748047
7732,257,2560,1,car,0.9076024293899536,top,917.7663269042969,251.46823120117188
7742,258,2593,1,car,0.9396750330924988,top,874.63720703125,250.03880310058594
7760,258,2599,1,car,0.8940134048461914,bottom,1085.6336669921875,897.5316772460938
7764,259,2586,0,bus,0.9118087887763977,top,830.0588073730469,251.73944091796875
7767,259,2548,1,car,0.8821559548377991,right,1278.3445434570312,275.7157516479492
7778,259,2579,1,car,0.8841471672058105,top,918.6363830566406,250.00360870361328
7825,261,2641,1,car,0.8658338785171509,bottom,1127.1419067382812,897.3159484863281
7847,261,2609,1,car,0.8626012206077576,top,913.5979919433594,251.0659408569336
7847,261,2648,1,car,0.8974077701568604,bottom,1088.3649291992188,898.9100341796875
7855,262,2631,1,car,0.9175376296043396,top,874.9751892089844,250.46952056884766
7862,262,2655,1,car,0.8697407841682434,bottom,1047.5555419921875,898.4573669433594
7898,263,2642,1,car,0.8293295502662659,top,612.79638671875,250.0874786376953
7908,263,2666,1,car,0.8965688347816467,bottom,1082.7776489257812,899.230712890625
7910,263,2661,1,car,0.9032868146896362,top,876.7862854003906,251.2816390991211
7931,264,2674,1,car,0.8743702173233032,top,834.6893005371094,251.9013671875
7933,264,2658,1,car,0.8856848478317261,top,917.3175048828125,251.46697998046875
7946,265,2662,1,car,0.8810005784034729,top,605.443115234375,250.31277465820312
7977,266,2677,1,car,0.9296550154685974,top,876.5098571777344,252.09095764160156
7977,266,2695,1,car,0.8396168947219849,bottom,1042.7664794921875,899.5947875976562
7982,266,2669,1,car,0.9151236414909363,top,919.2705688476562,251.41848754882812
7994,266,2208,1,car,0.8572016358375549,left,650.273193359375,866.306884765625
8003,267,2673,1,car,0.9141771197319031,top,605.7738647460938,250.5175018310547
8042,268,2704,1,car,0.8954454064369202,top,874.9188842773438,251.08026123046875
8067,269,2754,1,car,0.8392106890678406,bottom,1049.3596801757812,899.4209289550781
8083,269,2723,1,car,0.8722167015075684,top,917.04052734375,250.2126922607422
8087,269,2740,1,car,0.8884528875350952,top,803.9060668945312,250.9089584350586
8088,269,2712,1,car,0.8516607284545898,top,612.0285034179688,251.30020904541016
8093,270,2736,1,car,0.8821485638618469,top,876.6065673828125,251.24369049072266
8140,271,2786,1,car,0.9016906023025513,top,832.9119262695312,253.0214080810547
8145,271,2757,1,car,0.9269184470176697,top,913.390625,251.97284698486328
8151,271,2775,1,car,0.9024092555046082,top,872.353515625,251.86070251464844
8160,272,2816,0,bus,0.8355160355567932,bottom,1123.8652954101562,899.4358825683594
8170,272,2670,1,car,0.8223257064819336,right,1279.6360473632812,274.5402603149414
8186,273,2843,1,car,0.8323476910591125,top,831.8957214355469,250.80677795410156
8196,273,2814,1,car,0.7858075499534607,top,875.2614135742188,250.81365966796875
8223,274,2840,1,car,0.8780227899551392,top,915.7538452148438,250.99410247802734
8249,275,2788,1,car,0.8414652943611145,top,619.8672790527344,250.43720245361328
8253,275,2872,1,car,0.858579695224762,top,831.2229309082031,250.664306640625
8295,276,2887,1,car,0.9278721213340759,top,872.7899169921875,252.6463394165039
8296,276,2888,1,car,0.8107286691665649,top,914.1035461425781,251.85519409179688
8311,277,2854,1,car,0.8439546823501587,top,607.6822509765625,250.0328140258789
8347,278,2898,1,car,0.8552979230880737,top,870.8249206542969,252.5276641845703
8419,280,2749,1,car,0.8768001198768616,right,1279.402099609375,272.13114166259766
8434,281,2914,1,car,0.9044307470321655,top,608.6561279296875,251.1634979248047
8514,284,2958,1,car,0.8839754462242126,top,610.4671325683594,251.37818145751953
8522,284,1200,0,bus,0.8817601799964905,bottom,1003.1859436035156,898.8884887695312
8548,285,1164,1,car,0.8815749287605286,top,965.9911499023438,251.1679458618164
8557,285,1284,1,car,0.7228196263313293,bottom,955.0655212402344,899.1480712890625
8623,287,3006,1,car,0.8007003664970398,bottom,998.8831176757812,898.2737426757812
8644,288,1195,1,car,0.8654971718788147,top,962.905029296875,250.70897674560547
8671,289,1790,1,car,0.6235694289207458,bottom,957.5213623046875,898.9732666015625
8696,290,2993,1,car,0.8334974646568298,top,602.563720703125,250.5089111328125
8712,290,1234,1,car,0.8654837608337402,top,969.8090209960938,250.8790283203125
8712,290,3046,1,car,0.8855026960372925,bottom,1000.7264099121094,899.0346374511719
8759,292,3035,1,car,0.7747220396995544,bottom,959.291748046875,898.9465942382812
8767,292,3037,1,car,0.8410506248474121,top,604.1373596191406,250.70883178710938
8783,293,3101,1,car,0.8152526617050171,bottom,997.8478393554688,899.6747131347656
8794,293,3053,1,car,0.8979253172874451,top,966.5223999023438,251.36244201660156
8820,294,3104,1,car,0.5505467653274536,bottom,958.3120422363281,899.6119689941406
8833,294,3152,1,car,0.7048018574714661,bottom,996.6949768066406,898.1282043457031
8846,295,3045,1,car,0.8005324006080627,left,650.6218872070312,872.591552734375
8877,296,3133,1,car,0.8864695429801941,top,970.3426513671875,250.39036560058594
8903,297,3173,1,car,0.8731769919395447,bottom,956.635498046875,899.4434509277344
8929,297,3190,1,car,0.8443788886070251,top,588.4249572753906,251.31281280517578
8937,298,2944,1,car,0.3812714219093323,right,1274.4950561523438,250.27980041503906
8951,298,3197,1,car,0.8106723427772522,top,968.7646789550781,250.7286148071289
8958,298,3202,1,car,0.8560903072357178,bottom,959.9616394042969,898.9364624023438
9020,300,3234,1,car,0.7028807401657104,bottom,957.6024780273438,899.0577697753906
9022,301,3219,1,car,0.8593862056732178,top,964.625244140625,250.66019439697266
9087,303,3258,1,car,0.862923264503479,top,965.2001647949219,250.62289428710938
9087,303,3260,1,car,0.8911770582199097,bottom,956.0074768066406,899.7868041992188
9088,303,3312,1,car,0.3771185278892517,top,906.8407897949219,250.07933807373047
9098,303,3193,1,car,0.8394971489906311,left,650.3852233886719,868.1242980957031
9152,305,3310,1,car,0.8725723624229431,bottom,961.3508605957031,899.6709289550781
9165,305,3235,1,car,0.8232598900794983,left,650.7073974609375,857.6701354980469
9196,306,3359,1,car,0.8741412162780762,bottom,996.0555419921875,898.4604797363281
9218,307,3340,1,car,0.8695776462554932,top,968.2451171875,251.59027099609375
9230,307,3251,1,car,0.8162047266960144,left,650.5426330566406,861.5850830078125
9261,309,3350,1,car,0.7713847160339355,top,619.1839599609375,251.50243377685547
9279,309,3372,1,car,0.8231014609336853,top,968.8270568847656,251.01858520507812
9311,310,3334,1,car,0.7072421312332153,left,651.5719299316406,864.1395263671875
9316,310,3395,1,car,0.6822585463523865,top,964.2045593261719,251.88117218017578
9358,312,3423,1,car,0.8328282833099365,top,973.8830261230469,250.23798370361328
9394,313,3357,1,car,0.7762545943260193,left,650.8793334960938,863.9412536621094
9455,315,3491,1,car,0.2870289385318756,right,1279.2515258789062,296.7698974609375
9537,318,1936,1,car,0.7724669575691223,left,651.7470397949219,685.2165222167969
9540,318,2488,1,car,0.8813199996948242,right,1278.4259033203125,406.3363800048828
9543,318,1939,1,car,0.9146324992179871,right,1279.2471313476562,479.8623046875
9547,318,1931,1,car,0.8892993927001953,right,1279.739501953125,445.5898895263672
9556,318,3421,1,car,0.5635663270950317,left,650.0856018066406,864.1190185546875
9562,319,1866,1,car,0.8556787967681885,left,650.7967834472656,608.9797973632812
9573,319,1872,1,car,0.8276216983795166,left,651.5291137695312,652.9576721191406
9581,319,1977,1,car,0.7190414071083069,left,651.9048461914062,687.7019958496094
9611,320,2626,1,car,0.771649956703186,right,1277.4998168945312,407.4989013671875
9617,320,1972,1,car,0.7838559746742249,right,1278.3736572265625,482.3017883300781
9617,320,2217,1,car,0.8675265908241272,right,1277.14453125,447.0748291015625
9643,321,3427,1,car,0.7790960073471069,left,650.0157775878906,863.0195617675781
9652,322,2011,1,car,0.8412572145462036,left,653.0105895996094,690.4293823242188
9653,322,1989,1,car,0.796727180480957,left,651.3890075683594,604.7705078125
9655,322,1932,1,car,0.8519738912582397,left,650.4130554199219,649.4355163574219
9712,324,2915,1,car,0.8458763957023621,right,1279.1332397460938,407.1711730957031
9718,324,2060,1,car,0.5637898445129395,left,652.6899108886719,604.6761169433594
9720,324,1991,1,car,0.682163417339325,left,650.6830749511719,647.3700866699219
9725,324,3473,1,car,0.7707459926605225,left,650.8514099121094,856.9932556152344
9730,324,1998,1,car,0.7864537239074707,right,1278.12109375,481.77137756347656
9764,325,2022,1,car,0.3497146666049957,left,656.8254699707031,689.6575317382812
9768,325,2974,1,car,0.6629038453102112,right,1278.2793579101562,407.41343688964844
9774,326,2005,1,car,0.8682277202606201,left,650.5142517089844,647.2039489746094
9774,326,2115,1,car,0.75865638256073,left,651.5509338378906,605.2403869628906
9779,326,2409,1,car,0.8535136580467224,right,1279.6154174804688,447.2324981689453
9819,327,2084,1,car,0.27755022048950195,left,656.4752197265625,687.6976318359375
9827,327,2027,1,car,0.7154437899589539,left,652.3471984863281,644.5690612792969
9836,328,2551,1,car,0.932671844959259,right,1279.0825805664062,449.8527526855469
9838,328,2991,1,car,0.8875991106033325,right,1278.232421875,409.27508544921875
9838,328,3515,1,car,0.689978837966919,left,650.2629699707031,866.4547424316406
9871,329,2037,1,car,0.67779940366745,right,1279.5562133789062,484.0825653076172
9877,329,2063,1,car,0.7826771140098572,left,652.2962951660156,650.0768432617188
9877,329,2132,1,car,0.5886441469192505,left,651.2735900878906,686.9941101074219
9889,329,2569,1,car,0.858782947063446,right,1279.466064453125,448.5281677246094
9954,332,2069,1,car,0.9280480742454529,right,1277.8726806640625,485.47654724121094
9954,332,2123,1,car,0.7882692813873291,left,653.0064086914062,647.4081726074219
9956,332,2613,1,car,0.9049980640411377,right,1279.4969482421875,447.256103515625
9959,332,2186,1,car,0.7200412154197693,left,650.1159057617188,609.5375366210938
9972,332,3018,1,car,0.8025633692741394,right,1279.7947998046875,281.4037322998047
9996,333,2389,1,car,0.5959812998771667,left,650.1781311035156,686.737060546875
10003,333,2211,1,car,0.6431013941764832,left,650.8240661621094,607.5761108398438
10015,334,2714,1,car,0.8939456343650818,right,1277.091552734375,448.9703369140625
10019,334,2182,1,car,0.49862560629844666,left,654.4963073730469,651.5931396484375
10030,334,2120,1,car,0.8297790884971619,right,1277.7120971679688,489.9126739501953
10045,335,3646,1,car,0.2796964645385742,left,658.3040161132812,684.8180541992188
10057,335,2246,1,car,0.7754195332527161,left,652.3226623535156,603.814208984375
10058,335,3778,1,car,0.805206835269928,bottom,1304.4503784179688,899.5481262207031
10063,335,3644,1,car,0.6058372855186462,left,653.31201171875,649.0711669921875
10075,336,2837,1,car,0.9016283750534058,right,1278.3331298828125,455.0373077392578
10092,336,3707,1,car,0.3293217718601227,left,659.6117858886719,688.4358215332031
10096,336,3661,1,car,0.81953364610672,left,653.1985168457031,609.1890563964844
10137,338,3733,1,car,0.6109116673469543,left,651.0938110351562,649.3736572265625
10144,338,2169,1,car,0.8664517402648926,right,1277.681640625,483.0238952636719
10144,338,3772,1,car,0.5849969983100891,left,650.3222045898438,689.5188903808594
10147,338,3734,1,car,0.7837005257606506,left,654.2738647460938,605.8334655761719
10191,340,3822,1,car,0.37469932436943054,left,655.1453857421875,607.5830688476562
10198,340,3116,1,car,0.7561970949172974,right,1279.447021484375,287.926025390625
10208,340,3743,1,car,0.6163086891174316,right,1278.343017578125,449.5342712402344
10209,340,3815,1,car,0.5423224568367004,left,652.6479187011719,646.8457336425781
10215,340,3833,1,car,0.4086357653141022,left,663.494873046875,683.6739501953125
10234,341,3749,1,car,0.8893184065818787,right,1277.1148681640625,487.75599670410156
10237,341,3939,1,car,0.7974385023117065,bottom,1281.1717529296875,898.760986328125
10249,341,3820,1,car,0.5974425077438354,right,1277.7432250976562,446.2771911621094
10261,342,3849,1,car,0.7556651830673218,left,653.5070495605469,605.5020141601562
10277,342,3883,1,car,0.6004745960235596,left,652.1770935058594,686.4373168945312
10286,343,3835,1,car,0.6398247480392456,left,650.4902038574219,650.119140625
10306,343,3889,1,car,0.7104719877243042,left,651.95751953125,607.7713317871094
10317,344,3871,1,car,0.33971723914146423,right,1276.1648559570312,447.4252624511719
10330,344,3884,1,car,0.3251948356628418,left,652.9297790527344,650.2777709960938
10332,344,3952,1,car,0.5192476511001587,left,650.0821533203125,682.5548095703125
10335,344,3354,1,car,0.7911677956581116,right,1279.9937133789062,281.6800231933594
10336,344,3978,1,car,0.34907740354537964,right,1271.9925537109375,484.6014709472656
10356,345,3933,1,car,0.7165055871009827,left,653.0804748535156,608.3789978027344
10380,346,3888,1,car,0.8696136474609375,right,1276.0767822265625,484.6698455810547
10396,346,4085,1,car,0.2756462097167969,left,651.5653381347656,870.01025390625
10411,347,4001,1,car,0.8893529176712036,right,1279.9009399414062,411.9550018310547
10431,348,3966,1,car,0.7741954922676086,left,653.4292297363281,602.4696655273438
10438,348,3943,1,car,0.8216173648834229,right,1278.6949462890625,482.1562805175781
10463,349,3979,1,car,0.460041344165802,left,652.7638854980469,645.69482421875
10470,349,4026,1,car,0.7897458076477051,bottom,1302.4822998046875,899.2606811523438
10481,349,3926,1,car,0.4663753807544708,left,653.2081604003906,862.760986328125
10485,349,4009,1,car,0.7430218458175659,left,653.92578125,680.7310791015625
10490,350,3983,1,car,0.7036465406417847,right,1279.4249877929688,484.9429931640625
10493,350,3995,1,car,0.7583073973655701,left,651.8025512695312,605.590087890625
10495,350,3988,1,car,0.6866235136985779,right,1277.9599609375,447.074951171875
10519,350,4041,1,car,0.3134538233280182,left,650.2424926757812,649.2248840332031
10557,352,4090,1,car,0.6517101526260376,left,650.7221069335938,864.8386535644531
10567,352,3720,1,car,0.698681116104126,right,1279.5262451171875,289.6822052001953
10571,352,4040,1,car,0.6740571856498718,right,1277.0064086914062,484.7021789550781
10588,353,4095,1,car,0.29099661111831665,left,715.8824462890625,646.0994262695312
10595,353,4042,1,car,0.31232595443725586,left,653.7637939453125,605.3708801269531
10634,354,4023,1,car,0.4811497926712036,left,651.0949401855469,863.2808532714844
10657,355,4131,1,car,0.88705974817276,right,1278.5339965820312,481.7928161621094
10658,355,4097,1,car,0.2772831618785858,left,650.9376220703125,608.5503845214844
10669,355,4164,1,car,0.6916853189468384,left,651.3049011230469,648.4263610839844
10691,356,4155,1,car,0.6022036671638489,left,653.2124633789062,595.61767578125
10703,357,4178,1,car,0.7744321227073669,right,1276.5345458984375,481.4313049316406
10766,359,4207,1,car,0.550592839717865,left,652.8010559082031,605.6185913085938
10775,359,4232,1,car,0.8314955830574036,right,1276.9202270507812,483.09690856933594
10828,361,4276,1,car,0.8574893474578857,right,1277.4208984375,475.68443298339844
10839,361,4265,1,car,0.5702437162399292,right,1224.8215942382812,407.7278594970703
10865,362,3562,1,car,0.6964683532714844,left,652.3482971191406,604.8829650878906
10868,362,4297,1,car,0.8935997486114502,bottom,1277.1272583007812,899.4935913085938
10886,363,4330,1,car,0.8425220847129822,right,1277.2245483398438,443.03379821777344
10904,363,4321,1,car,0.877976655960083,right,1279.9163818359375,483.2321472167969
10942,365,4372,1,car,0.5691381096839905,right,1277.5148315429688,443.28564453125
10996,366,4364,1,car,0.6686662435531616,right,1277.179931640625,479.4768981933594
11008,367,4411,1,car,0.744513988494873,right,1279.2916870117188,407.3472442626953
11081,369,4420,1,car,0.8990958333015442,right,1279.0751953125,482.5025939941406
11113,370,4461,1,car,0.8464743494987488,right,1276.7552490234375,445.0421600341797
11169,372,4452,1,car,0.8365775346755981,right,1277.0025024414062,479.06300354003906
11214,374,4497,1,car,0.7638655304908752,right,1279.7893676757812,445.2861633300781
11254,375,4443,1,car,0.7604809999465942,right,1279.1185302734375,276.85790252685547
11280,376,2262,1,car,0.7523067593574524,right,1278.9545288085938,558.2574157714844
11282,376,4515,1,car,0.8297563791275024,right,1277.2835083007812,481.6103515625
11305,377,4520,1,car,0.2938655912876129,top,594.4234008789062,271.54737854003906
11321,377,4473,1,car,0.7121723890304565,right,1277.71484375,285.3347930908203
11321,377,4532,1,car,0.2594859302043915,right,1261.2449951171875,446.0187530517578
11327,377,2483,1,car,0.7001097202301025,right,1279.4818725585938,522.6864624023438
11372,379,2294,1,car,0.8117805123329163,right,1279.1937255859375,555.9227905273438
11378,379,4567,1,car,0.7511609792709351,right,1276.4718017578125,478.2620849609375
11402,380,2503,1,car,0.7521274089813232,right,1277.7078857421875,517.9220886230469
11427,381,2355,1,car,0.7149642109870911,right,1278.3930053710938,553.1718444824219
11467,382,2582,1,car,0.7459033131599426,right,1278.4638671875,516.7052459716797
11477,382,2523,1,car,0.7360890507698059,right,1278.3628540039062,557.4381713867188
11507,383,4593,1,car,0.8212210536003113,right,1276.3101196289062,476.0956268310547
11529,384,2781,1,car,0.7865071296691895,right,1278.546630859375,519.5296478271484
11563,385,4587,1,car,0.42791256308555603,left,658.6643981933594,898.921142578125
11571,386,2555,1,car,0.7618512511253357,right,1276.8789672851562,563.8844909667969
11597,386,2849,1,car,0.7465595006942749,right,1277.530029296875,519.0724182128906
11674,389,2875,1,car,0.7503984570503235,right,1279.94091796875,521.7944641113281
11700,390,2680,1,car,0.7890551686286926,right,1279.8431396484375,551.9761657714844
11722,391,2254,1,car,0.6780570149421692,left,651.4716186523438,555.6260375976562
11730,391,3449,1,car,0.6782565116882324,right,1278.5540771484375,519.3099060058594
11736,391,4612,1,car,0.5933845043182373,right,1279.4800415039062,256.05511474609375
11779,393,2383,1,car,0.6260779500007629,left,650.4228210449219,549.44189453125
11779,393,3851,1,car,0.39201074838638306,right,1279.9678344726562,524.7836608886719
11790,393,4745,1,car,0.7538740038871765,bottom,1291.2738647460938,899.9159545898438
11793,393,2731,1,car,0.6803687810897827,right,1279.432373046875,564.6321105957031
11847,395,3019,1,car,0.6969282627105713,left,651.6080627441406,547.8109741210938
11850,395,4619,1,car,0.42621591687202454,right,1276.8768310546875,560.91064453125
11850,395,4679,1,car,0.5656901001930237,right,1279.9707641601562,268.4075927734375
11899,397,4002,1,car,0.6690846085548401,right,1279.844482421875,519.8648223876953
11914,397,4757,1,car,0.38291674852371216,left,679.4994812011719,901.8157653808594
11923,397,4697,1,car,0.796597957611084,right,1277.8441772460938,557.9103698730469
11933,398,3221,1,car,0.4116937816143036,left,650.7205505371094,540.3483276367188
11939,398,4695,1,car,0.6545416116714478,right,1278.9931640625,518.5902862548828
11980,399,4726,1,car,0.27229252457618713,right,1279.9313354492188,264.2216262817383
12005,400,4728,1,car,0.6889467239379883,right,1278.47509765625,517.5339508056641
12058,402,4772,1,car,0.31475257873535156,right,1260.3973388671875,581.4036560058594
12067,402,4760,1,car,0.7739790678024292,right,1279.2947998046875,515.9219360351562
12094,403,4754,1,car,0.7571271657943726,right,1279.2586059570312,271.8528747558594
12127,404,4794,1,car,0.8150430917739868,right,1278.0402221679688,553.4441528320312
12141,405,4790,1,car,0.7863878607749939,right,1278.51611328125,512.169189453125
12181,406,4820,1,car,0.41989773511886597,right,1279.9722900390625,552.8268432617188
12184,406,4777,1,car,0.7359606623649597,right,1278.5078125,272.35621643066406
12215,407,4828,1,car,0.696426272392273,right,1277.2460327148438,515.2166595458984
12224,407,4942,1,car,0.2533011734485626,left,650.1476135253906,856.9577331542969
12255,408,4890,1,car,0.790036678314209,right,1277.2532348632812,557.41943359375
12262,409,4864,1,car,0.7679558992385864,right,1278.1700439453125,515.0504760742188
12322,411,4906,1,car,0.7014007568359375,right,1278.687744140625,516.7180633544922
12330,411,4935,1,car,0.6964704990386963,right,1279.4286499023438,555.5052185058594
12381,413,4947,1,car,0.7578659653663635,right,1278.7433471679688,521.2494201660156
12391,413,5014,1,car,0.4106847047805786,right,1278.6777954101562,555.489013671875
12403,413,4815,1,car,0.8036076426506042,right,1279.737548828125,281.6959991455078
12444,415,4983,1,car,0.7334451675415039,right,1278.6589965820312,554.1184692382812
12456,415,4849,1,car,0.6234038472175598,right,1279.8385620117188,277.6959915161133
12489,416,5033,1,car,0.6281836032867432,right,1279.5667114257812,516.5387268066406
12492,416,5011,1,car,0.6403654217720032,right,1278.1741333007812,553.1620483398438
12543,418,5066,1,car,0.6711597442626953,right,1277.903564453125,515.6262817382812
12564,419,5057,1,car,0.675957441329956,right,1278.0874633789062,554.2696533203125
12591,420,5094,1,car,0.7512366771697998,right,1277.69970703125,515.1928863525391
12621,421,5107,1,car,0.7525193095207214,right,1277.0123901367188,558.4830932617188
12626,421,5200,1,car,0.5489857196807861,left,650.059326171875,877.1647644042969
12640,421,4863,1,car,0.6415367126464844,right,1278.82177734375,280.8818817138672
12687,423,5245,1,car,0.5008634328842163,bottom,1303.6629638671875,898.6394348144531
12837,428,5197,1,car,0.7397926449775696,right,1279.599609375,269.4789352416992
12842,428,2929,1,car,0.8878063559532166,top,874.9718933105469,251.5972671508789
12856,428,3051,0,bus,0.821570098400116,top,792.0088500976562,250.17156219482422
12863,429,3384,0,bus,0.7946624159812927,bottom,1126.5706176757812,899.4617919921875
12870,429,4003,1,car,0.8520768284797668,bottom,1041.175048828125,899.0077514648438
12881,429,2905,1,car,0.779167652130127,top,917.3031921386719,250.64111328125
12894,430,2969,1,car,0.8256710171699524,top,871.6785888671875,253.2178726196289
12899,430,3250,1,car,0.7890582084655762,top,834.9729919433594,250.62899780273438
12908,430,3468,0,bus,0.8650844693183899,bottom,1082.760009765625,899.1412048339844
12913,430,5328,1,car,0.5298169851303101,left,650.7796020507812,862.4232482910156
12940,431,4139,1,car,0.7934190630912781,bottom,1038.56640625,898.5634460449219
12946,431,5379,1,car,0.7034527659416199,bottom,1123.0570678710938,898.0341796875
12948,432,4641,1,car,0.7823535799980164,top,795.2800903320312,251.0318832397461
12955,432,2934,1,car,0.8454642295837402,top,915.6275939941406,252.23641204833984
12969,432,3050,1,car,0.8577195405960083,top,868.3899536132812,250.28363800048828
12979,433,3550,1,car,0.7930940389633179,top,832.3193969726562,250.59471130371094
12987,433,5413,1,car,0.681911826133728,bottom,1118.5593872070312,899.6387634277344
13000,433,5411,1,car,0.7239678502082825,bottom,1078.6995849609375,897.655029296875
13004,433,5403,1,car,0.7816288471221924,bottom,1038.925537109375,898.1806030273438
13009,434,2975,1,car,0.7694869637489319,top,921.3044128417969,251.0397186279297
13031,434,4435,1,car,0.800081193447113,top,829.6453247070312,250.88616943359375
13036,434,5408,1,car,0.7715718746185303,top,872.0766296386719,251.77479553222656
13038,435,5438,1,car,0.6787384152412415,bottom,1039.2210083007812,898.2834777832031
13069,436,5416,1,car,0.7672793865203857,top,789.6808471679688,250.4059600830078
13071,436,5106,1,car,0.7759106755256653,right,1279.8980102539062,276.75843048095703
13072,436,5454,1,car,0.7798671722412109,bottom,1079.3931884765625,897.8630676269531
13075,436,5435,1,car,0.682163655757904,top,910.607177734375,251.21833038330078
13088,436,5436,1,car,0.8180601596832275,top,832.821044921875,252.21092224121094
13089,436,5444,1,car,0.7818289399147034,top,872.7374877929688,250.19322967529297
13092,436,5452,0,bus,0.7704800963401794,bottom,1123.1339111328125,897.8955688476562
13115,437,5473,1,car,0.6849067211151123,bottom,1041.066162109375,897.7616271972656
13138,438,5459,1,car,0.5297964215278625,top,791.219970703125,251.69378662109375
13145,438,5472,1,car,0.7586326003074646,top,835.9945983886719,250.05833435058594
13149,438,5211,1,car,0.6619435548782349,right,1279.5904541015625,266.3765563964844
13153,438,5469,1,car,0.9064722061157227,top,874.2754516601562,252.40817260742188
13180,439,5530,1,car,0.7341281771659851,bottom,1080.8192749023438,898.660400390625
13184,439,5486,1,car,0.6803140640258789,top,915.3858337402344,252.5218276977539
13203,440,5527,1,car,0.8065394759178162,bottom,1046.8580932617188,897.6624755859375
13204,440,5523,1,car,0.7848262786865234,top,835.962646484375,250.85562133789062
13218,441,5526,1,car,0.7275304794311523,top,600.5923156738281,250.54173278808594
13221,441,5537,1,car,0.8014371395111084,bottom,1083.1256103515625,898.03173828125
13239,441,5518,1,car,0.6461102962493896,top,913.4498901367188,250.08109283447266
13242,441,5522,1,car,0.8142741322517395,top,872.2150573730469,250.76558685302734
13256,442,5250,1,car,0.5171393752098083,right,1279.8466186523438,266.9735641479492
13266,442,5555,1,car,0.8079793453216553,top,832.1956787109375,251.62664031982422
13310,444,5563,1,car,0.833952009677887,top,909.1572570800781,250.33356475830078
13326,444,5567,1,car,0.8148683309555054,top,868.4968872070312,251.7312240600586
13326,444,5589,1,car,0.6738384366035461,bottom,1043.4312744140625,896.3062438964844
13366,445,5630,1,car,0.7417988181114197,bottom,1085.56884765625,897.6843566894531
13378,446,5592,1,car,0.8069204092025757,top,913.1880493164062,251.16179656982422
13388,446,5600,1,car,0.8205573558807373,top,872.9375,252.3064956665039
13404,447,5682,1,car,0.8110371232032776,bottom,1047.6432495117188,899.9728088378906
13406,447,5620,1,car,0.6359352469444275,top,830.1244506835938,250.3682632446289
13449,448,5679,1,car,0.6625016927719116,top,914.6199035644531,251.94537353515625
13451,448,5777,1,car,0.391085684299469,top,910.4637145996094,255.9883041381836
13455,448,5666,1,car,0.264570415019989,top,870.0417175292969,251.24867248535156
13467,449,5680,1,car,0.5349506139755249,top,831.5715942382812,250.18270111083984
13520,451,5749,1,car,0.8040392398834229,top,908.46923828125,251.35081481933594
13525,451,5721,1,car,0.7552652359008789,top,822.873779296875,250.96309661865234
13525,451,5794,0,bus,0.8159908056259155,top,781.0138244628906,253.5047836303711
13594,453,5822,1,car,0.7178470492362976,top,870.08349609375,251.5413055419922
13596,453,5824,1,car,0.7092793583869934,top,830.4128112792969,250.8059844970703
13597,453,5848,1,car,0.8674231171607971,top,910.0385437011719,251.75767517089844
13635,454,5934,1,car,0.4887218773365021,top,791.3565063476562,252.70050048828125
13640,455,5314,1,car,0.7741695046424866,right,1279.6514282226562,273.75452423095703
13656,455,5887,1,car,0.8334841728210449,top,820.1296081542969,250.5833740234375
13659,455,5883,1,car,0.8239120841026306,top,866.3257751464844,250.39544677734375
13662,455,5899,1,car,0.8322811126708984,top,908.5840759277344,251.73733520507812
13723,457,6053,1,car,0.870051920413971,bottom,1048.9965209960938,899.885009765625
13755,458,5970,1,car,0.7133493423461914,top,864.7542419433594,251.60712432861328
13755,458,5582,1,car,0.6923904418945312,right,1278.869384765625,279.2469787597656
13772,459,6041,1,car,0.36843565106391907,top,909.5112915039062,250.1742172241211
13827,461,6052,1,car,0.8106244802474976,top,868.6641540527344,250.8587875366211
13829,461,5951,1,car,0.7272536158561707,right,1279.7105712890625,277.573974609375
13846,461,6101,1,car,0.8273161053657532,top,909.8534545898438,252.87874603271484
13881,463,6091,1,car,0.7652100920677185,top,869.9867553710938,250.86988830566406
13911,464,6144,1,car,0.6678757667541504,top,910.39111328125,252.9293670654297
13926,464,6074,1,car,0.743090808391571,right,1278.811767578125,272.540771484375
13943,465,6224,1,car,0.746568500995636,bottom,1086.5760498046875,895.7691040039062
13948,465,6129,1,car,0.6344174742698669,top,864.1653442382812,251.63973999023438
13973,466,6203,1,car,0.64960116147995,top,913.5097351074219,251.9289093017578
13974,466,6231,1,car,0.39381328225135803,bottom,1050.96044921875,895.3074951171875
14014,467,6244,1,car,0.8103495240211487,top,827.8071594238281,251.73284149169922
14018,467,6197,1,car,0.7907185554504395,top,868.4018249511719,251.17594146728516
14032,468,6241,1,car,0.27540189027786255,top,914.2013549804688,255.0782012939453
14037,468,6212,1,car,0.721569299697876,right,1278.2415161132812,279.7763366699219
14074,469,6255,1,car,0.8352102041244507,top,910.2966613769531,250.69418334960938
14081,469,6246,1,car,0.7910978198051453,top,868.3087463378906,251.0393295288086
14159,472,6332,1,car,0.680119514465332,bottom,1314.4137573242188,899.0516662597656
14225,474,3440,1,car,0.34139859676361084,top,960.0668640136719,250.01407623291016
14289,476,6363,1,car,0.4760070741176605,bottom,1003.7886962890625,899.7759704589844
14345,478,3480,1,car,0.8913750648498535,top,958.5450134277344,251.86915588378906
14357,479,3634,1,car,0.40978899598121643,bottom,958.6526184082031,898.8701782226562
14377,479,6401,1,car,0.7594092488288879,right,1279.4846801757812,260.4517593383789
14404,480,6565,1,car,0.5388571619987488,bottom,1004.0897827148438,899.2440185546875
14407,480,4034,0,bus,0.6305205225944519,bottom,1005.0421447753906,899.9750366210938
14425,481,5267,1,car,0.755876362323761,top,953.8634338378906,251.2582778930664
14471,482,6604,1,car,0.4729596972465515,bottom,1290.7139282226562,899.7923889160156
14516,484,6592,1,car,0.8531080484390259,bottom,1003.7345886230469,898.95849609375
14532,484,6524,1,car,0.8519186973571777,top,960.3692321777344,251.06341552734375
14555,485,4130,1,car,0.7650956511497498,bottom,955.6268005371094,898.9342956542969
14618,487,6674,1,car,0.29547613859176636,bottom,998.7900695800781,878.5495910644531
14633,488,4308,1,car,0.7490574717521667,bottom,958.5614013671875,899.1542053222656
14651,488,6667,1,car,0.674889087677002,top,962.5579833984375,251.1632843017578
14693,490,6758,1,car,0.32429179549217224,bottom,999.5753173828125,899.1594543457031
14701,490,6722,1,car,0.7809427380561829,top,960.3368835449219,251.5750961303711
14712,490,6697,1,car,0.7414572834968567,bottom,957.5951843261719,898.6355285644531
14767,492,6781,1,car,0.8550574779510498,top,969.7306213378906,252.54998016357422
14770,492,6817,1,car,0.764293909072876,bottom,998.2442016601562,898.4839172363281
14823,494,6824,1,car,0.8523568511009216,top,962.7069396972656,251.033203125
14827,494,6845,1,car,0.7767221927642822,bottom,1003.6246643066406,899.98486328125
14860,495,6861,1,car,0.6173596978187561,bottom,956.7836608886719,898.6932067871094
14893,496,6860,1,car,0.8801022171974182,top,958.1585998535156,251.0318145751953
14895,496,6874,1,car,0.4956645965576172,bottom,999.7798461914062,898.4504089355469
14938,498,6877,1,car,0.27447810769081116,top,964.0240173339844,253.26666259765625
14975,499,6930,1,car,0.2796434462070465,bottom,994.7985229492188,891.7418212890625
14997,500,6943,1,car,0.7598214149475098,bottom,947.3705444335938,897.8741760253906
15006,500,6907,1,car,0.8853632807731628,top,958.1247863769531,251.71786499023438
15047,502,6994,1,car,0.6924766898155212,bottom,947.2442626953125,898.5265502929688
15057,502,6952,1,car,0.3811948001384735,top,961.4645690917969,250.97512817382812
15091,503,6980,1,car,0.6310535669326782,top,966.2896728515625,252.51109313964844
15094,503,7026,1,car,0.48128363490104675,bottom,954.2931213378906,870.5672912597656
15281,509,4621,1,car,0.7540372014045715,right,1279.3982543945312,437.0523376464844
15285,510,4795,1,car,0.7030933499336243,right,1279.3383178710938,400.4721984863281
15309,510,4624,1,car,0.49853113293647766,right,1278.892333984375,476.6196746826172
15309,510,4578,1,car,0.7016885876655579,left,650.1502990722656,650.0493774414062
15365,512,4650,1,car,0.9006301760673523,right,1278.300537109375,436.2209777832031
15365,512,5304,1,car,0.5627703070640564,right,1279.59912109375,401.31788635253906
15379,513,4830,1,car,0.5007436275482178,left,650.6956481933594,609.4104614257812
15382,513,7428,1,car,0.36053434014320374,top,595.1161193847656,250.9756851196289
15386,513,4689,1,car,0.6217203736305237,right,1278.678955078125,480.2981262207031
15417,514,6870,1,car,0.4499151110649109,left,650.2288513183594,688.5011596679688
15429,514,4871,1,car,0.7040055990219116,left,652.2259521484375,653.0484924316406
15434,514,4718,1,car,0.8721157312393188,right,1278.0064086914062,442.5478057861328
15445,515,4895,1,car,0.694867730140686,left,650.566162109375,607.7490844726562
15449,515,5458,1,car,0.3379800617694855,right,1278.344482421875,400.8202667236328
15476,516,4743,1,car,0.5482438802719116,right,1278.515625,475.94378662109375
15497,517,4924,1,car,0.5121350288391113,left,652.7290649414062,647.3767700195312
15512,517,4957,1,car,0.7427995800971985,left,650.4654846191406,610.0259399414062
15514,517,6969,1,car,0.7066182494163513,right,1279.4598999023438,404.0604248046875
15520,517,7464,1,car,0.4774950444698334,bottom,1285.5542602539062,899.8742980957031
15552,518,7158,1,car,0.3629875183105469,right,1278.110107421875,440.38124084472656
15561,519,4977,1,car,0.43064066767692566,left,650.5966796875,656.4534301757812
15567,519,5034,1,car,0.32960325479507446,left,651.1063842773438,609.3741760253906
15575,519,7430,1,car,0.5976929664611816,right,1279.503662109375,404.115478515625
15586,520,7548,1,car,0.2554633617401123,right,1269.3072509765625,479.3542938232422
15632,521,7497,1,car,0.6174094676971436,right,1278.614013671875,448.4486541748047
15648,522,7549,1,car,0.5236716866493225,right,1279.5409545898438,279.2464294433594
15659,522,4810,1,car,0.740014910697937,right,1278.3953247070312,481.1558074951172
15680,523,7153,1,car,0.503055989742279,right,1278.1238403320312,438.7113494873047
15689,523,5105,1,car,0.42536863684654236,left,688.3468017578125,650.4222412109375
15702,523,5166,1,car,0.6191264986991882,left,653.3400268554688,610.425048828125
15749,525,7596,1,car,0.3318205177783966,right,1276.9207153320312,440.25282287597656
15757,525,7614,1,car,0.6671252250671387,right,1278.3491821289062,474.290283203125
15767,526,7498,1,car,0.432422399520874,left,650.5055236816406,650.3893127441406
15810,527,4922,1,car,0.5985695719718933,right,1278.2098388671875,472.5650329589844
15813,527,7634,1,car,0.8169782161712646,right,1279.995849609375,270.96009826660156
15830,528,7848,1,car,0.42882660031318665,left,658.9671936035156,691.8821411132812
15833,528,7555,1,car,0.6943773627281189,left,651.2373657226562,608.0968933105469
15885,530,6485,1,car,0.8450152277946472,right,1279.7808837890625,474.2216339111328
15889,530,7807,1,car,0.5695071220397949,right,1278.0084838867188,436.11842346191406
15923,531,7724,1,car,0.3133977949619293,left,659.6400756835938,613.0818481445312
15937,531,7695,1,car,0.7163172364234924,right,1277.7271728515625,473.74591064453125
15944,531,7776,1,car,0.5729332566261292,left,661.1667175292969,650.0770263671875
15982,533,7957,1,car,0.3399606943130493,right,1234.9403686523438,434.947021484375
15987,533,7970,1,car,0.39894646406173706,right,1269.8788452148438,273.6055145263672
16005,534,7808,1,car,0.7751160860061646,right,1278.3829956054688,473.4880828857422
16054,535,7875,1,car,0.7645930647850037,right,1277.2305297851562,475.31553649902344
16055,535,7917,1,car,0.5024094581604004,right,1277.8778686523438,437.7223815917969
16065,536,7838,1,car,0.5623272061347961,right,1278.9180908203125,280.2693786621094
16128,538,8182,1,car,0.28594720363616943,left,656.147216796875,653.315185546875
16165,539,8222,1,car,0.5606266856193542,right,1278.6218872070312,437.6946716308594
16186,540,8048,1,car,0.7736475467681885,right,1279.58984375,474.5231628417969
16210,540,8164,1,car,0.48471972346305847,left,650.6210327148438,692.660400390625
16213,540,8062,1,car,0.6130809187889099,left,650.9764099121094,653.0779724121094
16228,541,8151,1,car,0.6221559047698975,right,1279.2642211914062,276.2183303833008
16230,541,8324,1,car,0.6587086915969849,right,1279.7252807617188,476.8220977783203
16237,541,8412,1,car,0.42770761251449585,right,1220.2194213867188,435.8851318359375
16277,543,8333,1,car,0.32026007771492004,left,654.7894592285156,691.9147033691406
16279,543,8422,1,car,0.5178835391998291,right,1278.6458129882812,474.4968566894531
16300,543,8328,1,car,0.591740071773529,left,651.4686584472656,650.2818298339844
16315,544,8407,1,car,0.3239554464817047,right,1248.6461181640625,435.68780517578125
16325,544,8491,1,car,0.7157981991767883,right,1278.0108642578125,474.2470245361328
16337,545,8351,1,car,0.45805975794792175,left,658.2305603027344,609.458251953125
16357,545,8440,1,car,0.34076887369155884,left,656.1949768066406,653.2264709472656
16365,546,8598,1,car,0.6333858966827393,right,1276.410400390625,437.1730499267578
16378,546,8444,1,car,0.3353153467178345,left,653.7293090820312,614.1679077148438
16396,547,8615,1,car,0.4050021171569824,right,1224.7817993164062,404.5014953613281
16426,548,8546,1,car,0.8907683491706848,right,1277.41552734375,435.77130126953125
16430,548,8492,1,car,0.7487941980361938,right,1278.9174194335938,471.990478515625
16453,548,8562,1,car,0.30478397011756897,left,660.5929565429688,655.2070007324219
16454,549,8780,1,car,0.3366216719150543,left,650.2331848144531,863.6114807128906
16463,549,8700,1,car,0.2801303267478943,right,1278.2435302734375,398.6908721923828
16464,549,8587,1,car,0.45049917697906494,left,650.3463134765625,607.8642578125
16475,549,8656,1,car,0.6683737635612488,right,1277.5603637695312,434.9785461425781
16487,550,8591,1,car,0.5573482513427734,right,1276.7919311523438,473.4286804199219
16529,551,8715,1,car,0.6708402633666992,left,651.448486328125,613.1923522949219
16531,551,8885,1,car,0.2869465947151184,right,1271.9557495117188,438.4970703125
16541,551,8670,1,car,0.7025559544563293,right,1277.9427490234375,473.5547790527344
16577,553,8838,1,car,0.6897439360618591,right,1279.2137451171875,437.7513732910156
16612,554,8835,1,car,0.6780784130096436,right,1276.7752685546875,473.5856475830078
16615,554,9024,1,car,0.2662316858768463,right,1253.962890625,405.20263671875
16633,554,9145,1,car,0.6566954255104065,right,1278.7669067382812,273.7183303833008
16655,555,8900,1,car,0.3842056691646576,right,1277.1898803710938,437.6451873779297
16668,556,8938,1,car,0.6883542537689209,left,651.0562438964844,608.1524353027344
16668,556,9042,1,car,0.3912242352962494,right,1275.1702270507812,480.84814453125
16707,557,9018,1,car,0.4207269549369812,left,650.4849548339844,653.1147766113281
16728,558,8985,1,car,0.7658759355545044,right,1278.3001098632812,473.72377014160156
16758,559,9093,1,car,0.4242570996284485,left,651.7762451171875,649.3003540039062
16761,559,9173,1,car,0.6826648116111755,right,1278.9362182617188,273.9706115722656
16782,559,9128,1,car,0.4979308843612671,left,650.9288330078125,610.0329284667969
16795,560,9112,1,car,0.754000186920166,right,1279.4544067382812,473.89405822753906
16805,560,9168,1,car,0.28925010561943054,left,659.9444274902344,655.8800354003906
16834,561,9228,1,car,0.48316553235054016,left,658.1338806152344,612.9263610839844
16860,562,9359,1,car,0.32865092158317566,right,1278.7444458007812,474.966064453125
16860,562,9472,1,car,0.38111361861228943,right,1277.6195068359375,471.2585144042969
16892,563,9469,1,car,0.45581769943237305,left,658.9037475585938,617.7161560058594
16907,564,9342,1,car,0.7346387505531311,right,1279.9290161132812,263.7119827270508
16913,564,9267,1,car,0.7181984782218933,right,1276.0708618164062,473.50306701660156
16934,565,9393,1,car,0.5439891219139099,left,650.6490783691406,617.6852416992188
16947,565,9360,1,car,0.5488317012786865,right,1277.6749877929688,432.77191162109375
16979,566,9335,1,car,0.7364803552627563,right,1279.4984130859375,267.7309341430664
17008,567,9500,1,car,0.4300675094127655,right,1276.9603271484375,433.06024169921875
17036,568,5271,1,car,0.5785911679267883,right,1278.1546630859375,549.3691711425781
17057,569,9655,1,car,0.5199617147445679,right,1279.033935546875,268.5426330566406
17064,569,9565,1,car,0.4893144965171814,right,1279.88623046875,467.93458557128906
17079,569,5171,1,car,0.5220962762832642,right,1279.7763671875,509.3099060058594
17091,570,9711,1,car,0.3614901006221771,right,1268.396728515625,431.5888671875
17119,571,9753,1,car,0.5774381160736084,right,1276.5431518554688,465.4715576171875
17171,572,7273,1,car,0.6336799263954163,right,1278.304443359375,509.0667266845703
17182,573,9564,1,car,0.7467240691184998,right,1279.414306640625,465.92042541503906
17223,574,9878,1,car,0.49947449564933777,right,1225.8258056640625,425.72711181640625
17225,574,7353,1,car,0.5008254051208496,right,1279.13427734375,505.1572570800781
17289,576,9685,1,car,0.4840262830257416,right,1279.41748046875,467.0998840332031
17298,577,8087,1,car,0.624452531337738,right,1276.2607421875,543.4618835449219
17315,577,8097,1,car,0.5858941078186035,right,1278.402099609375,502.6895751953125
17330,578,9735,1,car,0.6937279105186462,right,1279.68701171875,271.8306427001953
17331,578,10082,1,car,0.3212156295776367,right,1279.2864379882812,280.0452346801758
17357,579,9268,1,car,0.29759252071380615,right,1261.4334106445312,549.8809509277344
17411,580,7447,1,car,0.5640785098075867,right,1278.1786499023438,545.4151916503906
17459,582,5269,1,car,0.7008926272392273,left,651.5173645019531,561.0453491210938
17463,582,8526,1,car,0.5885055661201477,right,1279.5806274414062,506.23423767089844
17575,586,10311,1,car,0.48208966851234436,right,1279.3671875,508.7102508544922
17591,586,10362,1,car,0.6979736685752869,right,1279.9663696289062,266.6777648925781
17662,589,10163,1,car,0.7098023891448975,right,1277.5975341796875,509.9919891357422
17664,589,10398,1,car,0.2928393483161926,right,1269.1102294921875,550.6790771484375
17730,591,10482,1,car,0.45548513531684875,right,1278.9409790039062,505.8240966796875
17738,591,10420,1,car,0.7403029203414917,right,1277.8988037109375,549.7323303222656
17792,593,10558,1,car,0.4191911816596985,right,1279.5211791992188,550.9269104003906
17797,593,10828,1,car,0.3975409269332886,right,1259.5957641601562,511.00086975097656
17859,595,10975,1,car,0.47635284066200256,right,1277.4195556640625,276.2677764892578
17862,595,10703,1,car,0.5460333228111267,right,1278.904541015625,274.1864776611328
17878,596,10784,1,car,0.4148815870285034,right,1273.0574951171875,556.5364074707031
17917,597,11022,1,car,0.7107136249542236,right,1277.1882934570312,512.2997589111328
17969,599,10688,1,car,0.7282742261886597,left,650.989013671875,563.9660034179688
18028,601,10865,1,car,0.6290803551673889,left,650.7085266113281,563.9154663085938
18344,612,11483,1,car,0.43285104632377625,right,1279.3583374023438,509.2901306152344
18584,620,6911,1,car,0.8325827717781067,top,832.0476379394531,251.74626922607422
18585,620,7573,1,car,0.6093464493751526,bottom,1119.64599609375,899.4526977539062
18593,620,10358,1,car,0.5779269337654114,bottom,1081.9193115234375,898.4615173339844
18594,620,6293,1,car,0.49190855026245117,top,900.6199340820312,251.34683990478516
18603,620,6992,0,bus,0.820568859577179,top,781.3418579101562,251.0543670654297
18610,620,10666,1,car,0.5939028263092041,bottom,1040.4414672851562,899.6241455078125
18667,622,11348,1,car,0.7267518639564514,bottom,1124.017822265625,896.9653930664062
18685,623,10684,1,car,0.6649086475372314,top,869.1849365234375,252.3230438232422
18692,623,10634,1,car,0.8533515334129333,bottom,1041.8347778320312,899.3075561523438
18700,623,7164,1,car,0.5699104070663452,top,827.5954895019531,251.04400634765625
18713,624,10997,1,car,0.7289233803749084,bottom,1079.4552001953125,897.5264282226562
18737,625,6367,1,car,0.8362434506416321,top,901.5055541992188,251.22657775878906
18749,625,6389,1,car,0.7355436682701111,top,865.4356689453125,250.0662078857422
18750,625,11866,1,car,0.7475594282150269,bottom,1124.4700317382812,898.4554748535156
18766,626,11845,1,car,0.3569559156894684,top,827.100830078125,251.90393829345703
18794,627,11893,1,car,0.7703861594200134,bottom,1082.196533203125,899.9607238769531
18796,627,11885,1,car,0.3655487895011902,bottom,1048.19921875,898.5152587890625
18800,627,11889,1,car,0.5905619859695435,top,861.471923828125,250.74513244628906
18831,628,11914,1,car,0.8483362197875977,top,820.3904418945312,251.887939453125
18836,628,11905,1,car,0.5847881436347961,top,900.3817749023438,251.21392059326172
18843,628,11944,1,car,0.6847922801971436,top,860.0317077636719,250.32799530029297
18858,629,11910,0,bus,0.5464741587638855,top,782.1146240234375,273.9490432739258
18858,629,12007,1,car,0.5137010812759399,bottom,1044.7056274414062,899.85009765625
18860,629,11994,1,car,0.8537977933883667,bottom,1077.68994140625,898.4909057617188
18878,629,11995,0,bus,0.7978827357292175,bottom,1122.841796875,897.8496704101562
18880,629,12185,1,car,0.3702089488506317,right,1278.482421875,280.5830993652344
18890,630,12022,1,car,0.5775712132453918,top,821.4613647460938,252.2657470703125
18907,630,12100,1,car,0.6007319688796997,bottom,1076.9848022460938,897.9956970214844
18910,630,12063,1,car,0.6944997906684875,top,905.933349609375,251.8543472290039
18924,631,12181,1,car,0.44342848658561707,top,868.4813537597656,264.01404571533203
18938,631,12147,1,car,0.6831780672073364,top,823.5529174804688,252.28331756591797
18943,632,12186,1,car,0.8059936165809631,bottom,1035.7439270019531,898.6674499511719
18962,632,12160,0,bus,0.5585619211196899,top,780.3925476074219,259.69957733154297
18971,632,12200,1,car,0.713758647441864,top,905.3840026855469,250.31800842285156
18976,633,12210,1,car,0.8860300183296204,bottom,1076.9424438476562,899.6913452148438
18994,633,12216,0,bus,0.7596282362937927,bottom,1124.783447265625,898.7769165039062
18996,633,12248,1,car,0.4164861738681793,bottom,1042.7710571289062,899.7140197753906
18996,633,12352,1,car,0.43327388167381287,bottom,1031.1563720703125,899.0721130371094
19063,636,12300,1,car,0.7978978157043457,top,906.6943969726562,251.14046478271484
19066,636,12320,0,bus,0.7736896276473999,top,815.8150024414062,251.61193084716797
19081,636,12354,0,bus,0.7720461487770081,bottom,1041.9854736328125,899.0679931640625
19121,638,12388,1,car,0.262482613325119,top,865.06298828125,253.7040557861328
19123,638,12404,0,bus,0.7889683246612549,bottom,1086.9222412109375,899.5732116699219
19124,638,12504,1,car,0.5865883231163025,right,1279.4055786132812,266.00462341308594
19125,638,12399,1,car,0.38309764862060547,top,903.9820556640625,250.06488037109375
19185,640,12453,1,car,0.7567134499549866,top,865.9117431640625,252.9031982421875
19185,640,12474,1,car,0.741706907749176,top,906.0806579589844,250.86746215820312
19210,640,12550,1,car,0.7914000749588013,bottom,1042.7493896484375,897.7740478515625
19229,641,12562,1,car,0.4899403750896454,top,826.5205078125,254.30904388427734
19240,641,12529,1,car,0.6831868886947632,top,867.51123046875,252.38814544677734
19241,642,12571,1,car,0.7041981220245361,bottom,1082.4336547851562,899.7330322265625
19244,642,12553,1,car,0.4724212884902954,top,908.4369506835938,251.7998046875
19304,644,12617,1,car,0.510597288608551,top,909.7603454589844,253.0695571899414
19308,644,12698,1,car,0.5517600774765015,top,824.2655639648438,253.38118743896484
19350,645,12669,1,car,0.6914831399917603,top,865.6754455566406,250.23474884033203
19393,647,12830,1,car,0.7604474425315857,bottom,1302.8282470703125,899.0428466796875
19406,647,12740,1,car,0.7762610912322998,top,865.936279296875,251.44416046142578
19426,648,12758,1,car,0.6806804537773132,top,906.5378723144531,250.24192810058594
19461,649,12840,1,car,0.8094222545623779,top,821.6555480957031,250.93283081054688
19464,649,12818,1,car,0.6121038794517517,top,864.923583984375,250.58394622802734
19523,651,12935,0,bus,0.797994077205658,bottom,1120.2598876953125,897.2820434570312
19532,651,12868,1,car,0.8139165639877319,top,903.7084655761719,252.2859878540039
19540,651,12720,1,car,0.6661791801452637,right,1279.1382446289062,284.76438903808594
19550,652,12893,1,car,0.6039140224456787,top,864.3008728027344,250.32241821289062
19601,654,12967,1,car,0.7593387365341187,top,906.3353576660156,251.64292907714844
19621,654,12984,1,car,0.3377324342727661,top,862.6440734863281,250.9293975830078
19632,655,13139,1,car,0.436153382062912,right,1278.9738159179688,279.40159606933594
19663,656,13090,1,car,0.6432599425315857,top,904.2176818847656,251.48361206054688
19680,656,13072,1,car,0.3263140022754669,top,863.2831726074219,250.63485717773438
19728,658,13181,1,car,0.311093807220459,top,827.1018371582031,269.5933380126953
19744,658,13172,1,car,0.7446924448013306,top,868.445068359375,250.78225708007812
19748,658,13150,1,car,0.6992650628089905,top,904.6468811035156,252.0150604248047
19765,659,13241,1,car,0.3474924564361572,top,790.9758911132812,264.14490509033203
19819,661,13246,1,car,0.5163082480430603,top,869.9776611328125,250.62126922607422
19830,661,13315,1,car,0.6306455731391907,bottom,1077.6436157226562,899.4400939941406
19831,661,13228,1,car,0.2674468457698822,top,906.0777893066406,255.31233978271484
19864,662,13311,1,car,0.5403009653091431,top,865.5578918457031,251.9734115600586
20084,670,7058,1,car,0.602546751499176,top,953.4260559082031,250.4843978881836
20110,671,13665,1,car,0.3374485969543457,bottom,995.8621520996094,876.4279479980469
20131,671,7810,1,car,0.5452871322631836,bottom,953.1425476074219,894.2449951171875
20161,672,12029,1,car,0.25579380989074707,top,954.9613647460938,252.03533172607422
20167,672,7659,1,car,0.3963835835456848,bottom,997.2443542480469,889.2769470214844
20265,676,13608,1,car,0.7947420477867126,top,956.1324462890625,251.07280731201172
20325,678,13982,1,car,0.31112897396087646,bottom,954.8768615722656,898.5446472167969
20339,678,14153,1,car,0.4616692066192627,top,965.5475463867188,254.6182098388672
20364,679,14021,1,car,0.6299896240234375,bottom,1002.0025024414062,897.7579650878906
20395,680,14089,1,car,0.408176988363266,top,964.1693115234375,251.03362274169922
20431,681,14045,1,car,0.807074248790741,right,1279.7651977539062,262.63084411621094
20446,682,14173,1,car,0.8055458664894104,top,967.2388610839844,250.15924835205078
20488,683,14308,0,bus,0.5676692128181458,bottom,997.5816955566406,897.6632995605469
20503,684,14368,1,car,0.2821527123451233,bottom,956.2889099121094,892.2921752929688
20516,684,14323,1,car,0.7035900354385376,top,955.7235107421875,253.13197326660156
20558,685,14475,1,car,0.4090621769428253,bottom,999.4944152832031,896.5146179199219
20560,686,14490,1,car,0.6448100209236145,bottom,956.50390625,899.5954284667969
20587,686,14454,1,car,0.6675490736961365,top,956.1744689941406,250.07275390625
20592,687,14584,1,car,0.2793642282485962,bottom,1008.8145446777344,897.8762512207031
20630,688,14653,1,car,0.46586647629737854,bottom,952.2822875976562,899.5316772460938
20640,688,14570,1,car,0.2804831564426422,top,962.3024597167969,253.61936950683594
20716,691,14808,1,car,0.8011776208877563,top,957.5934753417969,256.75413513183594
20787,693,14965,1,car,0.8608718514442444,top,952.1217346191406,251.94640350341797
20842,695,15091,1,car,0.659442663192749,top,955.4541015625,251.17008209228516
20847,695,15173,1,car,0.5459403991699219,bottom,1301.2008666992188,889.6890563964844
21063,702,9778,1,car,0.7348441481590271,right,1278.070068359375,473.43572998046875
21100,704,9868,1,car,0.437328040599823,right,1279.419677734375,437.51556396484375
21173,706,11714,1,car,0.6863088607788086,right,1278.8277587890625,475.45448303222656
21179,706,11151,1,car,0.7769883871078491,right,1278.2393798828125,437.0923767089844
21251,709,11821,1,car,0.8475372195243835,right,1278.5594482421875,473.27069091796875
21261,709,9802,1,car,0.5286576747894287,left,650.6080627441406,616.888916015625
21269,709,16236,1,car,0.3633168935775757,bottom,1299.8134155273438,899.3922119140625
21294,710,15704,1,car,0.35863497853279114,left,660.35107421875,664.8919067382812
21334,711,16293,1,car,0.47233477234840393,right,1277.8909912109375,480.0068054199219
21389,713,16130,1,car,0.36961233615875244,right,1244.7935180664062,436.1956787109375
21402,714,15149,1,car,0.6094501614570618,right,1279.5731811523438,471.69683837890625
21434,715,14477,1,car,0.5819011330604553,right,1277.4347534179688,431.61517333984375
21449,715,16295,1,car,0.7068431973457336,right,1279.7180786132812,268.5215377807617
21464,716,16511,1,car,0.5443195700645447,left,651.6222534179688,657.9135437011719
21513,717,11743,1,car,0.4841018617153168,left,652.6282653808594,657.4216613769531
21526,718,16857,1,car,0.3253254294395447,right,1224.0313720703125,391.0184631347656
21538,718,16400,1,car,0.2826041579246521,right,1278.4893188476562,473.75489807128906
21558,719,15427,1,car,0.5373796224594116,left,651.4091186523438,625.3207397460938
21580,720,16444,1,car,0.3642195165157318,right,1265.0239868164062,433.0781707763672
21582,720,11074,1,car,0.3379143178462982,left,653.6177062988281,659.6765441894531
21591,720,12486,1,car,0.46387234330177307,right,1278.8073120117188,472.85443115234375
21633,721,16975,1,car,0.6255487203598022,right,1228.0466918945312,392.72100830078125
21635,721,17012,1,car,0.6265067458152771,left,650.42529296875,661.5029296875
21639,722,17111,1,car,0.4772615134716034,left,652.0481262207031,623.038818359375
21652,722,16390,1,car,0.6748321652412415,right,1274.7507934570312,466.6289825439453
21708,724,17475,1,car,0.6696900129318237,right,1276.853271484375,471.9042663574219
21783,726,17238,1,car,0.5828277468681335,right,1279.1167602539062,469.7938690185547
21799,727,17340,1,car,0.3703859746456146,right,1277.9420166015625,431.42552185058594
21860,729,17182,1,car,0.6446726322174072,right,1275.9217529296875,465.7657775878906
21879,730,17262,1,car,0.3441486954689026,left,687.1476135253906,625.26318359375
21906,730,17781,1,car,0.3439919948577881,left,700.2926330566406,658.0739440917969
21909,731,17779,1,car,0.3559228777885437,right,1230.1776123046875,436.26731872558594
21915,731,17432,1,car,0.45955950021743774,left,650.0295715332031,621.5946044921875
21928,731,17373,1,car,0.3659423589706421,right,1279.2608032226562,469.9450378417969
21980,733,18210,1,car,0.2860516905784607,right,1276.2136840820312,464.4433135986328
21982,733,18129,1,car,0.316497266292572,right,1227.3762817382812,432.9704132080078
22023,734,18209,1,car,0.3830389380455017,right,1278.9747314453125,431.21734619140625
22044,735,17739,1,car,0.5755773186683655,right,1279.93798828125,463.56138610839844
22059,736,18285,1,car,0.4704258441925049,left,650.01513671875,657.2055053710938
22067,736,18008,1,car,0.7216219305992126,right,1279.3703002929688,428.2901306152344
22083,736,17904,1,car,0.5956960320472717,right,1279.9839477539062,467.1182098388672
22125,738,18460,1,car,0.6506621837615967,bottom,1269.4087524414062,897.9304504394531
22140,738,18188,1,car,0.542283833026886,right,1278.4053344726562,467.31617736816406
22173,739,18620,1,car,0.3241868019104004,right,1263.49951171875,429.7086944580078
22218,741,18451,1,car,0.504473090171814,left,656.0860290527344,652.8044738769531
22242,742,18661,1,car,0.3389109969139099,right,1164.0728759765625,399.29640197753906
22246,742,18851,1,car,0.4569161534309387,right,1267.38232421875,461.2106018066406
22256,742,18438,1,car,0.4474392831325531,left,650.5200500488281,619.5782775878906
22278,743,18501,1,car,0.4973205327987671,right,1279.0887451171875,463.90550231933594
22343,745,18976,1,car,0.6145167946815491,left,652.3212890625,657.7463684082031
22350,745,18653,1,car,0.7804895639419556,right,1278.5194702148438,461.6349639892578
22369,746,18933,1,car,0.5077645778656006,left,678.2635498046875,617.2247314453125
22399,747,19034,1,car,0.6825578212738037,right,1278.052978515625,422.95262145996094
22418,748,19115,1,car,0.7076848745346069,right,1276.693603515625,463.04945373535156
22420,748,19253,1,car,0.595966637134552,right,1262.4476318359375,463.4036407470703
22474,749,19341,1,car,0.3382408320903778,right,1258.8663330078125,467.0950164794922
22544,752,19304,1,car,0.3916742503643036,left,655.4484252929688,622.0919189453125
22558,752,19558,1,car,0.40884479880332947,right,1233.0999145507812,464.5767059326172
22578,753,19406,1,car,0.4960011839866638,left,654.541015625,620.9070739746094
22578,753,19294,1,car,0.28662627935409546,left,657.0033874511719,663.5270690917969
22597,753,19381,1,car,0.28869950771331787,left,659.7694702148438,696.0130615234375
22624,754,19642,1,car,0.6473289728164673,right,1276.9509887695312,423.76365661621094
22630,755,19774,1,car,0.43702438473701477,right,1259.4583740234375,459.8838195800781
22739,758,19859,1,car,0.35904979705810547,right,1254.9329223632812,432.54534912109375
22800,760,11478,1,car,0.4452250599861145,right,1278.6171875,533.1263427734375
22810,761,19848,1,car,0.7494611740112305,right,1279.281982421875,463.99571228027344
22813,761,18327,1,car,0.26081469655036926,right,1279.1678466796875,499.76817321777344
22832,761,20321,1,car,0.6164067387580872,left,650.7331848144531,864.3795166015625
22877,763,20334,1,car,0.705313503742218,right,1279.8065185546875,460.59193420410156
22882,763,11706,1,car,0.7576266527175903,right,1279.4254760742188,542.2205200195312
22895,763,20137,1,car,0.7968727946281433,right,1279.9877319335938,274.2471389770508
22914,764,20526,1,car,0.7231208086013794,bottom,1308.3033447265625,898.70556640625
22934,765,20159,1,car,0.6667305827140808,right,1279.17431640625,463.7283630371094
22950,765,16344,1,car,0.4961187541484833,right,1276.3929443359375,504.3788299560547
22968,766,20229,1,car,0.817913293838501,right,1279.7902221679688,280.8744812011719
22989,767,20471,1,car,0.6828241944313049,right,1277.629638671875,424.2763214111328
22996,767,18445,1,car,0.35403209924697876,right,1278.6776733398438,543.4512329101562
23005,767,20822,1,car,0.5482355952262878,right,1278.9779052734375,464.05372619628906
23029,768,20411,1,car,0.8307403326034546,right,1278.8271484375,281.55377197265625
23035,768,17050,1,car,0.37612664699554443,right,1278.442626953125,499.9147033691406
23068,769,18291,1,car,0.3330651819705963,right,1277.81787109375,546.08837890625
23099,770,20643,1,car,0.7779596447944641,right,1279.2376708984375,275.41587829589844
23110,771,18799,1,car,0.5897257924079895,right,1278.0994262695312,502.3166961669922
23127,771,19170,1,car,0.45934364199638367,right,1278.3001708984375,555.5502014160156
23167,773,19925,1,car,0.3893796503543854,right,1279.4678955078125,504.6637878417969
23228,775,20239,1,car,0.5109557509422302,right,1260.8299560546875,507.98130798339844
23230,775,20810,1,car,0.3948604464530945,right,1237.9466552734375,553.3226318359375
23234,775,21013,1,car,0.7445874214172363,right,1279.2650146484375,268.3700637817383
23238,775,15564,1,car,0.7254878878593445,left,650.2528686523438,569.2680969238281
23291,777,21271,1,car,0.29051244258880615,right,1267.9676513671875,507.7707061767578
23310,777,21137,1,car,0.7358936071395874,right,1278.8887939453125,277.77469635009766
23322,778,16969,1,car,0.6806883811950684,left,650.904296875,571.4778442382812
23338,778,21199,1,car,0.2519146800041199,left,650.9310607910156,865.3694458007812
23352,779,20066,1,car,0.37186142802238464,right,1276.938720703125,505.7069091796875
23367,779,20913,1,car,0.8431219458580017,right,1278.9342651367188,264.12416076660156
23409,781,20928,1,car,0.4754711389541626,right,1277.682861328125,541.3149719238281
23421,781,21054,1,car,0.33522287011146545,right,1266.6319580078125,504.91436767578125
23431,781,20651,1,car,0.658882737159729,left,652.1378479003906,565.9228515625
23481,783,21128,1,car,0.4398690462112427,right,1272.259765625,539.8031616210938
23499,784,21803,1,car,0.5840879678726196,left,650.7825927734375,564.4122314453125
23524,784,21298,1,car,0.2919884920120239,right,1276.6127319335938,542.9072570800781
23559,786,16166,1,car,0.6335324645042419,left,650.9419250488281,547.5936279296875
23587,787,21419,1,car,0.38550660014152527,right,1277.5907592773438,502.92144775390625
23628,788,21893,1,car,0.32070764899253845,right,1277.1431884765625,278.2895050048828
23641,788,21540,1,car,0.6128784418106079,right,1278.567626953125,493.3928985595703
23656,789,22119,1,car,0.7453652620315552,bottom,1275.5020141601562,898.8071594238281
23704,790,22264,1,car,0.4924866557121277,left,650.0711669921875,572.0825500488281
23710,791,21760,1,car,0.42723986506462097,right,1278.0201416015625,537.1499938964844
23810,794,22455,1,car,0.6703539490699768,left,651.6671752929688,564.733154296875
23819,794,22203,1,car,0.7026569843292236,right,1279.7614135742188,274.56807708740234
23848,795,22171,1,car,0.4099028706550598,right,1279.1729736328125,501.11488342285156
23871,796,22231,1,car,0.4141828715801239,right,1279.3118896484375,275.9970016479492
23881,796,22602,1,car,0.4869682192802429,right,1279.1011962890625,273.9900131225586
23895,797,22167,1,car,0.3887050449848175,right,1279.9932250976562,497.8951721191406
23927,798,22490,1,car,0.37343353033065796,top,583.2945861816406,267.4688949584961
24018,801,22586,1,car,0.36839449405670166,right,1244.2297973632812,497.62510681152344
24063,802,22401,1,car,0.5619267225265503,right,1278.7218627929688,535.1051940917969
24128,805,22436,1,car,0.35770556330680847,right,1259.09716796875,537.6241760253906
24171,806,22883,1,car,0.4941212236881256,right,1279.62841796875,274.1137390136719
24292,810,19468,1,car,0.49315935373306274,bottom,1098.5189819335938,899.7576599121094
24320,811,13714,1,car,0.8571640849113464,bottom,1139.7225952148438,898.7341918945312
24367,813,21332,1,car,0.8089486956596375,top,900.0205688476562,251.00314331054688
24371,813,15347,1,car,0.6777134537696838,top,781.119384765625,250.57733917236328
24371,813,19460,1,car,0.44869861006736755,bottom,1060.8347778320312,898.7278137207031
24417,814,13524,1,car,0.43603968620300293,top,855.4956970214844,256.7359390258789
24427,815,13428,1,car,0.5616464018821716,top,817.0162963867188,250.37356567382812
24456,816,23518,1,car,0.6633668541908264,bottom,1053.2227783203125,899.8309631347656
24470,816,15363,1,car,0.7758786678314209,bottom,1093.7328491210938,899.3833618164062
24478,816,19646,0,bus,0.25769829750061035,bottom,1135.6854858398438,872.1095275878906
24491,817,17768,1,car,0.6224983334541321,top,813.4406127929688,250.32713317871094
24491,817,23614,1,car,0.479032427072525,top,855.8707275390625,254.052734375
24494,817,21567,1,car,0.7378252148628235,top,855.4529418945312,250.11824798583984
24508,817,23601,1,car,0.26501086354255676,top,897.9850769042969,254.9189453125
24511,817,23485,1,car,0.5852148532867432,top,897.9924011230469,252.99968719482422
24527,818,21339,1,car,0.7074968814849854,bottom,1053.2535400390625,894.1940612792969
24541,818,23739,1,car,0.3140066862106323,bottom,1099.864990234375,893.0226135253906
24561,819,23407,1,car,0.8023792505264282,top,853.7431335449219,250.9822769165039
24565,819,23594,1,car,0.4289171099662781,top,779.33349609375,250.32815551757812
24570,819,14354,1,car,0.7837163209915161,top,811.0800170898438,252.56446838378906
24617,821,13700,1,car,0.5335406064987183,top,890.9105529785156,250.6971206665039
24626,821,23750,1,car,0.8025943636894226,top,812.1556091308594,250.9302749633789
24633,821,23829,1,car,0.25760510563850403,top,778.3175354003906,252.3568344116211
24639,822,23806,1,car,0.5513013005256653,bottom,1100.1351318359375,899.4483032226562
24666,823,23898,0,bus,0.255852073431015,bottom,1143.5923461914062,890.2706298828125
24673,823,24051,1,car,0.7258448600769043,bottom,1058.1826171875,887.7477416992188
24680,823,23812,1,car,0.35319384932518005,top,893.7787170410156,250.35173797607422
24700,824,23984,1,car,0.3767313063144684,top,817.009033203125,281.58634185791016
24731,825,24008,1,car,0.7867345213890076,top,895.5813903808594,251.60982513427734
24738,825,24012,1,car,0.7709107398986816,top,853.8098449707031,251.80890655517578
24756,826,24146,1,car,0.41957852244377136,top,814.5959777832031,250.6985321044922
24760,826,24324,1,car,0.650070071220398,bottom,1136.6716918945312,898.70068359375
24769,826,24261,1,car,0.550796627998352,bottom,1098.4880981445312,898.0896301269531
24811,827,24251,1,car,0.8260012865066528,top,851.4541931152344,252.96475982666016
24814,827,24489,1,car,0.6757861375808716,bottom,1057.3665161132812,899.856201171875
24814,827,24386,1,car,0.3745211362838745,top,809.306640625,251.5756378173828
24822,828,24407,1,car,0.6522189378738403,bottom,1096.203125,899.1673278808594
24823,828,24291,1,car,0.6108074188232422,top,894.6723327636719,253.01913452148438
24870,829,24531,1,car,0.7985572218894958,bottom,1056.7617797851562,892.5365905761719
24873,829,24441,1,car,0.7906179428100586,top,853.2481689453125,251.8685531616211
24901,830,24688,1,car,0.848420262336731,bottom,1138.8062133789062,899.4623107910156
