second,top,bottom,left,right,total
0,0,1,1,1,3
1,0,0,0,2,2
2,0,0,0,0,0
3,0,0,0,2,2
4,0,0,1,0,1
5,0,0,0,1,1
6,0,0,0,1,1
7,0,0,2,1,3
8,1,0,0,1,2
9,0,0,0,1,1
10,0,0,0,1,1
11,0,0,1,1,2
12,0,0,0,1,1
13,0,0,1,1,2
14,0,0,0,1,1
15,0,0,1,0,1
16,0,0,0,2,2
17,0,0,0,0,0
18,0,0,1,2,3
19,0,0,0,1,1
20,0,0,1,1,2
21,0,0,1,1,2
22,0,0,0,2,2
23,0,0,2,0,2
24,0,0,0,1,1
25,0,0,0,1,1
26,0,0,0,1,1
27,0,1,1,1,3
28,0,0,0,1,1
29,0,0,0,0,0
30,0,1,0,2,3
31,0,0,0,1,1
32,0,0,0,1,1
33,0,0,1,0,1
34,0,0,0,0,0
35,0,0,0,3,3
36,0,0,0,0,0
37,0,0,0,1,1
38,0,0,0,0,0
39,0,0,0,0,0
40,0,0,0,0,0
41,0,0,0,1,1
42,0,0,0,0,0
43,0,0,0,0,0
44,1,1,0,0,2
45,2,2,0,0,4
46,0,0,0,1,1
47,3,2,0,0,5
48,1,1,0,0,2
49,0,1,0,0,1
50,3,2,0,0,5
51,1,0,0,0,1
52,0,1,0,0,1
53,4,1,0,0,5
54,0,2,0,0,2
55,4,0,0,0,4
56,0,1,0,0,1
57,0,1,0,1,2
58,2,0,0,0,2
59,2,1,0,0,3
60,1,1,0,1,3
61,2,1,0,0,3
62,1,1,0,0,2
63,2,2,0,0,4
64,2,2,0,0,4
65,3,0,0,0,3
66,1,2,0,1,4
67,0,1,0,0,1
68,3,1,0,0,4
69,0,1,0,0,1
70,3,2,0,1,6
71,1,0,0,0,1
72,2,0,0,0,2
73,1,0,0,0,1
74,1,1,0,0,2
75,0,0,0,0,0
76,3,0,0,0,3
77,0,1,0,0,1
78,2,0,0,0,2
79,2,0,0,0,2
80,0,0,0,0,0
81,2,0,0,0,2
82,3,2,0,0,5
83,1,0,0,0,1
84,1,0,0,0,1
85,0,0,0,0,0
86,2,0,0,0,2
87,0,0,0,0,0
88,0,0,0,0,0
89,0,0,0,0,0
90,0,1,0,0,1
91,0,1,0,0,1
92,0,0,0,0,0
93,0,0,0,0,0
94,1,1,1,0,3
95,0,1,0,0,1
96,0,0,0,0,0
97,0,0,0,0,0
98,2,2,0,0,4
99,0,0,0,0,0
100,0,0,0,0,0
101,1,0,0,0,1
102,0,2,0,0,2
103,1,0,0,0,1
104,0,1,0,0,1
105,1,1,0,1,3
106,0,0,0,0,0
107,1,1,0,0,2
108,0,0,0,0,0
109,0,0,1,1,2
110,2,1,0,0,3
111,1,0,0,0,1
112,2,0,0,0,2
113,1,0,1,0,2
114,0,1,0,0,1
115,1,0,0,0,1
116,0,0,1,0,1
117,2,0,0,0,2
118,0,0,1,0,1
119,0,0,0,0,0
120,1,0,1,0,2
121,0,0,0,0,0
122,0,0,0,0,0
123,0,0,0,0,0
124,0,0,0,0,0
125,0,0,0,0,0
126,0,0,0,1,1
127,0,0,1,1,2
128,0,0,2,2,4
129,0,0,1,1,2
130,0,0,3,1,4
131,1,0,0,1,2
132,0,0,1,0,1
133,0,0,1,2,3
134,0,0,1,0,1
135,0,0,2,1,3
136,0,0,1,1,2
137,0,0,1,0,1
138,0,1,1,2,4
139,0,0,2,1,3
140,0,0,0,1,1
141,0,1,1,0,2
142,0,0,2,0,2
143,0,0,0,2,2
144,0,0,3,0,3
145,0,0,1,1,2
146,0,0,2,0,2
147,0,0,0,3,3
148,0,0,3,0,3
149,0,0,0,0,0
150,0,0,2,0,2
151,0,0,1,1,2
152,0,0,3,0,3
153,0,0,1,2,3
154,0,0,1,0,1
155,0,0,2,3,5
156,0,0,1,0,1
157,0,0,2,1,3
158,0,1,1,0,2
159,0,0,2,1,3
160,0,0,0,1,1
161,0,0,3,1,4
162,0,0,1,1,2
163,0,0,1,2,3
164,0,0,1,1,2
165,0,0,2,1,3
166,0,0,1,1,2
167,0,0,2,0,2
168,0,0,0,1,1
169,0,0,1,2,3
170,0,0,1,0,1
171,0,0,0,3,3
172,0,0,0,0,0
173,0,0,0,2,2
174,0,0,0,1,1
175,0,0,0,2,2
176,0,0,0,1,1
177,0,0,0,1,1
178,0,0,0,1,1
179,0,0,0,1,1
180,0,0,0,2,2
181,0,0,0,0,0
182,0,0,0,2,2
183,0,0,0,0,0
184,0,0,0,3,3
185,0,0,0,0,0
186,0,0,0,2,2
187,0,0,0,1,1
188,0,0,0,1,1
189,0,0,1,3,4
190,0,0,0,2,2
191,0,0,0,2,2
192,0,0,0,3,3
193,0,0,0,2,2
194,0,0,0,2,2
195,0,0,1,0,1
196,0,0,0,1,1
197,0,0,0,1,1
198,0,0,0,1,1
199,0,0,0,1,1
200,0,0,1,0,1
201,0,0,0,2,2
202,0,0,1,0,1
203,0,0,0,1,1
204,0,0,1,1,2
205,0,0,0,1,1
206,0,0,0,1,1
207,0,0,1,0,1
208,0,0,0,2,2
209,0,0,2,0,2
210,0,0,0,2,2
211,0,0,1,0,1
212,0,0,1,1,2
213,0,0,0,1,1
214,0,0,1,0,1
215,0,0,0,1,1
216,0,0,1,0,1
217,0,0,0,1,1
218,0,0,0,1,1
219,0,0,1,0,1
220,0,0,0,1,1
221,0,0,1,0,1
222,0,0,0,0,0
223,0,0,0,1,1
224,0,0,1,1,2
225,0,0,0,1,1
226,0,1,0,0,1
227,0,0,0,1,1
228,0,1,0,1,2
229,0,0,0,1,1
230,0,0,0,0,0
231,0,0,0,0,0
232,0,0,0,0,0
233,0,0,0,0,0
234,0,0,0,0,0
235,0,1,0,0,1
236,1,0,0,0,1
237,2,3,0,0,5
238,1,0,0,0,1
239,2,2,0,0,4
240,0,0,0,0,0
241,2,2,0,0,4
242,2,2,0,0,4
243,1,1,0,0,2
244,1,3,0,0,4
245,1,0,0,0,1
246,1,2,0,0,3
247,1,1,0,0,2
248,2,1,0,0,3
249,1,1,0,0,2
250,1,1,0,1,3
251,1,0,0,0,1
252,2,1,0,0,3
253,0,1,0,0,1
254,4,1,0,0,5
255,0,1,0,0,1
256,2,1,0,0,3
257,1,0,0,0,1
258,1,1,0,0,2
259,2,0,0,1,3
260,0,0,0,0,0
261,1,2,0,0,3
262,1,1,0,0,2
263,2,1,0,0,3
264,2,0,0,0,2
265,1,0,0,0,1
266,2,1,1,0,4
267,1,0,0,0,1
268,1,0,0,0,1
269,3,1,0,0,4
270,1,0,0,0,1
271,3,0,0,0,3
272,0,1,0,1,2
273,2,0,0,0,2
274,1,0,0,0,1
275,2,0,0,0,2
276,2,0,0,0,2
277,1,0,0,0,1
278,1,0,0,0,1
279,0,0,0,0,0
280,0,0,0,1,1
281,1,0,0,0,1
282,0,0,0,0,0
283,0,0,0,0,0
284,1,1,0,0,2
285,1,1,0,0,2
286,0,0,0,0,0
287,0,1,0,0,1
288,1,0,0,0,1
289,0,1,0,0,1
290,2,1,0,0,3
291,0,0,0,0,0
292,1,1,0,0,2
293,1,1,0,0,2
294,0,2,0,0,2
295,0,0,1,0,1
296,1,0,0,0,1
297,1,1,0,0,2
298,1,1,0,1,3
299,0,0,0,0,0
300,0,1,0,0,1
301,1,0,0,0,1
302,0,0,0,0,0
303,2,1,1,0,4
304,0,0,0,0,0
305,0,1,1,0,2
306,0,1,0,0,1
307,1,0,1,0,2
308,0,0,0,0,0
309,2,0,0,0,2
310,1,0,1,0,2
311,0,0,0,0,0
312,1,0,0,0,1
313,0,0,1,0,1
314,0,0,0,0,0
315,0,0,0,1,1
316,0,0,0,0,0
317,0,0,0,0,0
318,0,0,2,3,5
319,0,0,3,0,3
320,0,0,0,3,3
321,0,0,1,0,1
322,0,0,3,0,3
323,0,0,0,0,0
324,0,0,3,2,5
325,0,0,1,1,2
326,0,0,2,1,3
327,0,0,2,0,2
328,0,0,1,2,3
329,0,0,2,2,4
330,0,0,0,0,0
331,0,0,0,0,0
332,0,0,2,3,5
333,0,0,2,0,2
334,0,0,1,2,3
335,0,1,3,0,4
336,0,0,2,1,3
337,0,0,0,0,0
338,0,0,3,1,4
339,0,0,0,0,0
340,0,0,3,2,5
341,0,1,0,2,3
342,0,0,2,0,2
343,0,0,2,0,2
344,0,0,2,3,5
345,0,0,1,0,1
346,0,0,1,1,2
347,0,0,0,1,1
348,0,0,1,1,2
349,0,1,3,0,4
350,0,0,2,2,4
351,0,0,0,0,0
352,0,0,1,2,3
353,0,0,2,0,2
354,0,0,1,0,1
355,0,0,2,1,3
356,0,0,1,0,1
357,0,0,0,1,1
358,0,0,0,0,0
359,0,0,1,1,2
360,0,0,0,0,0
361,0,0,0,2,2
362,0,1,1,0,2
363,0,0,0,2,2
364,0,0,0,0,0
365,0,0,0,1,1
366,0,0,0,1,1
367,0,0,0,1,1
368,0,0,0,0,0
369,0,0,0,1,1
370,0,0,0,1,1
371,0,0,0,0,0
372,0,0,0,1,1
373,0,0,0,0,0
374,0,0,0,1,1
375,0,0,0,1,1
376,0,0,0,2,2
377,1,0,0,3,4
378,0,0,0,0,0
379,0,0,0,2,2
380,0,0,0,1,1
381,0,0,0,1,1
382,0,0,0,2,2
383,0,0,0,1,1
384,0,0,0,1,1
385,0,0,1,0,1
386,0,0,0,2,2
387,0,0,0,0,0
388,0,0,0,0,0
389,0,0,0,1,1
390,0,0,0,1,1
391,0,0,1,2,3
392,0,0,0,0,0
393,0,1,1,2,4
394,0,0,0,0,0
395,0,0,1,2,3
396,0,0,0,0,0
397,0,0,1,2,3
398,0,0,1,1,2
399,0,0,0,1,1
400,0,0,0,1,1
401,0,0,0,0,0
402,0,0,0,2,2
403,0,0,0,1,1
404,0,0,0,1,1
405,0,0,0,1,1
406,0,0,0,2,2
407,0,0,1,1,2
408,0,0,0,1,1
409,0,0,0,1,1
410,0,0,0,0,0
411,0,0,0,2,2
412,0,0,0,0,0
413,0,0,0,3,3
414,0,0,0,0,0
415,0,0,0,2,2
416,0,0,0,2,2
417,0,0,0,0,0
418,0,0,0,1,1
419,0,0,0,1,1
420,0,0,0,1,1
421,0,0,1,2,3
422,0,0,0,0,0
423,0,1,0,0,1
424,0,0,0,0,0
425,0,0,0,0,0
426,0,0,0,0,0
427,0,0,0,0,0
428,2,0,0,1,3
429,1,2,0,0,3
430,2,1,1,0,4
431,0,2,0,0,2
432,3,0,0,0,3
433,1,3,0,0,4
434,3,0,0,0,3
435,0,1,0,0,1
436,4,2,0,1,7
437,0,1,0,0,1
438,3,0,0,1,4
439,1,1,0,0,2
440,1,1,0,0,2
441,3,1,0,0,4
442,1,0,0,1,2
443,0,0,0,0,0
444,2,1,0,0,3
445,0,1,0,0,1
446,2,0,0,0,2
447,1,1,0,0,2
448,3,0,0,0,3
449,1,0,0,0,1
450,0,0,0,0,0
451,3,0,0,0,3
452,0,0,0,0,0
453,3,0,0,0,3
454,1,0,0,0,1
455,3,0,0,1,4
456,0,0,0,0,0
457,0,1,0,0,1
458,1,0,0,1,2
459,1,0,0,0,1
460,0,0,0,0,0
461,2,0,0,1,3
462,0,0,0,0,0
463,1,0,0,0,1
464,1,0,0,1,2
465,1,1,0,0,2
466,1,1,0,0,2
467,2,0,0,0,2
468,1,0,0,1,2
469,2,0,0,0,2
470,0,0,0,0,0
471,0,0,0,0,0
472,0,1,0,0,1
473,0,0,0,0,0
474,1,0,0,0,1
475,0,0,0,0,0
476,0,1,0,0,1
477,0,0,0,0,0
478,1,0,0,0,1
479,0,1,0,1,2
480,0,2,0,0,2
481,1,0,0,0,1
482,0,1,0,0,1
483,0,0,0,0,0
484,1,1,0,0,2
485,0,1,0,0,1
486,0,0,0,0,0
487,0,1,0,0,1
488,1,1,0,0,2
489,0,0,0,0,0
490,1,2,0,0,3
491,0,0,0,0,0
492,1,1,0,0,2
493,0,0,0,0,0
494,1,1,0,0,2
495,0,1,0,0,1
496,1,1,0,0,2
497,0,0,0,0,0
498,1,0,0,0,1
499,0,1,0,0,1
500,1,1,0,0,2
501,0,0,0,0,0
502,1,1,0,0,2
503,1,1,0,0,2
504,0,0,0,0,0
505,0,0,0,0,0
506,0,0,0,0,0
507,0,0,0,0,0
508,0,0,0,0,0
509,0,0,0,1,1
510,0,0,1,2,3
511,0,0,0,0,0
512,0,0,0,2,2
513,1,0,1,1,3
514,0,0,2,1,3
515,0,0,1,1,2
516,0,0,0,1,1
517,0,1,2,1,4
518,0,0,0,1,1
519,0,0,2,1,3
520,0,0,0,1,1
521,0,0,0,1,1
522,0,0,0,2,2
523,0,0,2,1,3
524,0,0,0,0,0
525,0,0,0,2,2
526,0,0,1,0,1
527,0,0,0,2,2
528,0,0,2,0,2
529,0,0,0,0,0
530,0,0,0,2,2
531,0,0,2,1,3
532,0,0,0,0,0
533,0,0,0,2,2
534,0,0,0,1,1
535,0,0,0,2,2
536,0,0,0,1,1
537,0,0,0,0,0
538,0,0,1,0,1
539,0,0,0,1,1
540,0,0,2,1,3
541,0,0,0,3,3
542,0,0,0,0,0
543,0,0,2,1,3
544,0,0,0,2,2
545,0,0,2,0,2
546,0,0,1,1,2
547,0,0,0,1,1
548,0,0,1,2,3
549,0,0,2,2,4
550,0,0,0,1,1
551,0,0,1,2,3
552,0,0,0,0,0
553,0,0,0,1,1
554,0,0,0,3,3
555,0,0,0,1,1
556,0,0,1,1,2
557,0,0,1,0,1
558,0,0,0,1,1
559,0,0,2,1,3
560,0,0,1,1,2
561,0,0,1,0,1
562,0,0,0,2,2
563,0,0,1,0,1
564,0,0,0,2,2
565,0,0,1,1,2
566,0,0,0,1,1
567,0,0,0,1,1
568,0,0,0,1,1
569,0,0,0,3,3
570,0,0,0,1,1
571,0,0,0,1,1
572,0,0,0,1,1
573,0,0,0,1,1
574,0,0,0,2,2
575,0,0,0,0,0
576,0,0,0,1,1
577,0,0,0,2,2
578,0,0,0,2,2
579,0,0,0,1,1
580,0,0,0,1,1
581,0,0,0,0,0
582,0,0,1,1,2
583,0,0,0,0,0
584,0,0,0,0,0
585,0,0,0,0,0
586,0,0,0,2,2
587,0,0,0,0,0
588,0,0,0,0,0
589,0,0,0,2,2
590,0,0,0,0,0
591,0,0,0,2,2
592,0,0,0,0,0
593,0,0,0,2,2
594,0,0,0,0,0
595,0,0,0,2,2
596,0,0,0,1,1
597,0,0,0,1,1
598,0,0,0,0,0
599,0,0,1,0,1
600,0,0,0,0,0
601,0,0,1,0,1
602,0,0,0,0,0
603,0,0,0,0,0
604,0,0,0,0,0
605,0,0,0,0,0
606,0,0,0,0,0
607,0,0,0,0,0
608,0,0,0,0,0
609,0,0,0,0,0
610,0,0,0,0,0
611,0,0,0,0,0
612,0,0,0,1,1
613,0,0,0,0,0
614,0,0,0,0,0
615,0,0,0,0,0
616,0,0,0,0,0
617,0,0,0,0,0
618,0,0,0,0,0
619,0,0,0,0,0
620,3,3,0,0,6
621,0,0,0,0,0
622,0,1,0,0,1
623,2,1,0,0,3
624,0,1,0,0,1
625,2,1,0,0,3
626,1,0,0,0,1
627,1,2,0,0,3
628,3,0,0,0,3
629,1,3,0,1,5
630,2,1,0,0,3
631,2,0,0,0,2
632,2,1,0,0,3
633,0,4,0,0,4
634,0,0,0,0,0
635,0,0,0,0,0
636,2,1,0,0,3
637,0,0,0,0,0
638,2,1,0,1,4
639,0,0,0,0,0
640,2,1,0,0,3
641,2,0,0,0,2
642,1,1,0,0,2
643,0,0,0,0,0
644,2,0,0,0,2
645,1,0,0,0,1
646,0,0,0,0,0
647,1,1,0,0,2
648,1,0,0,0,1
649,2,0,0,0,2
650,0,0,0,0,0
651,1,1,0,1,3
652,1,0,0,0,1
653,0,0,0,0,0
654,2,0,0,0,2
655,0,0,0,1,1
656,2,0,0,0,2
657,0,0,0,0,0
658,3,0,0,0,3
659,1,0,0,0,1
660,0,0,0,0,0
661,2,1,0,0,3
662,1,0,0,0,1
663,0,0,0,0,0
664,0,0,0,0,0
665,0,0,0,0,0
666,0,0,0,0,0
667,0,0,0,0,0
668,0,0,0,0,0
669,0,0,0,0,0
670,1,0,0,0,1
671,0,2,0,0,2
672,1,1,0,0,2
673,0,0,0,0,0
674,0,0,0,0,0
675,0,0,0,0,0
676,1,0,0,0,1
677,0,0,0,0,0
678,1,1,0,0,2
679,0,1,0,0,1
680,1,0,0,0,1
681,0,0,0,1,1
682,1,0,0,0,1
683,0,1,0,0,1
684,1,1,0,0,2
685,0,1,0,0,1
686,1,1,0,0,2
687,0,1,0,0,1
688,1,1,0,0,2
689,0,0,0,0,0
690,0,0,0,0,0
691,1,0,0,0,1
692,0,0,0,0,0
693,1,0,0,0,1
694,0,0,0,0,0
695,1,1,0,0,2
696,0,0,0,0,0
697,0,0,0,0,0
698,0,0,0,0,0
699,0,0,0,0,0
700,0,0,0,0,0
701,0,0,0,0,0
702,0,0,0,1,1
703,0,0,0,0,0
704,0,0,0,1,1
705,0,0,0,0,0
706,0,0,0,2,2
707,0,0,0,0,0
708,0,0,0,0,0
709,0,1,1,1,3
710,0,0,1,0,1
711,0,0,0,1,1
712,0,0,0,0,0
713,0,0,0,1,1
714,0,0,0,1,1
715,0,0,0,2,2
716,0,0,1,0,1
717,0,0,1,0,1
718,0,0,0,2,2
719,0,0,1,0,1
720,0,0,1,2,3
721,0,0,1,1,2
722,0,0,1,1,2
723,0,0,0,0,0
724,0,0,0,1,1
725,0,0,0,0,0
726,0,0,0,1,1
727,0,0,0,1,1
728,0,0,0,0,0
729,0,0,0,1,1
730,0,0,2,0,2
731,0,0,1,2,3
732,0,0,0,0,0
733,0,0,0,2,2
734,0,0,0,1,1
735,0,0,0,1,1
736,0,0,1,2,3
737,0,0,0,0,0
738,0,1,0,1,2
739,0,0,0,1,1
740,0,0,0,0,0
741,0,0,1,0,1
742,0,0,1,2,3
743,0,0,0,1,1
744,0,0,0,0,0
745,0,0,1,1,2
746,0,0,1,0,1
747,0,0,0,1,1
748,0,0,0,2,2
749,0,0,0,1,1
750,0,0,0,0,0
751,0,0,0,0,0
752,0,0,1,1,2
753,0,0,3,0,3
754,0,0,0,1,1
755,0,0,0,1,1
756,0,0,0,0,0
757,0,0,0,0,0
758,0,0,0,1,1
759,0,0,0,0,0
760,0,0,0,1,1
761,0,0,1,2,3
762,0,0,0,0,0
763,0,0,0,3,3
764,0,1,0,0,1
765,0,0,0,2,2
766,0,0,0,1,1
767,0,0,0,3,3
768,0,0,0,2,2
769,0,0,0,1,1
770,0,0,0,1,1
771,0,0,0,2,2
772,0,0,0,0,0
773,0,0,0,1,1
774,0,0,0,0,0
775,0,0,1,3,4
776,0,0,0,0,0
777,0,0,0,2,2
778,0,0,2,0,2
779,0,0,0,2,2
780,0,0,0,0,0
781,0,0,1,2,3
782,0,0,0,0,0
783,0,0,0,1,1
784,0,0,1,1,2
785,0,0,0,0,0
786,0,0,1,0,1
787,0,0,0,1,1
788,0,0,0,2,2
789,0,1,0,0,1
790,0,0,1,0,1
791,0,0,0,1,1
792,0,0,0,0,0
793,0,0,0,0,0
794,0,0,1,1,2
795,0,0,0,1,1
796,0,0,0,2,2
797,0,0,0,1,1
798,1,0,0,0,1
799,0,0,0,0,0
800,0,0,0,0,0
801,0,0,0,1,1
802,0,0,0,1,1
803,0,0,0,0,0
804,0,0,0,0,0
805,0,0,0,1,1
806,0,0,0,1,1
807,0,0,0,0,0
808,0,0,0,0,0
809,0,0,0,0,0
810,0,1,0,0,1
811,0,1,0,0,1
812,0,0,0,0,0
813,2,1,0,0,3
814,1,0,0,0,1
815,1,0,0,0,1
816,0,3,0,0,3
817,5,0,0,0,5
818,0,2,0,0,2
819,3,0,0,0,3
820,0,0,0,0,0
821,3,0,0,0,3
822,0,1,0,0,1
823,1,2,0,0,3
824,1,0,0,0,1
825,2,0,0,0,2
826,1,2,0,0,3
827,2,1,0,0,3
828,1,1,0,0,2
829,1,1,0,0,2
830,0,1,0,0,1
831,0,0,0,0,0
